task,fold,group,method,alpha,seed,n,coverage,width_mean,width_median,interval_score,finite_frac,rmse,bias,sep
mango_season_loso,season2015,2015,CNN-SCP,0.1,0,15200,0.6434210526315789,2.4487167892498225,2.448716789249822,7.922002628694275,1.0,1.3578229264587163,0.26444772359297747,1.3318660604178894
mango_season_loso,season2015,2015,CNN-R-U-A,0.1,0,15200,0.6366447368421052,2.361052057061976,2.3610520570619755,7.717403012438574,1.0,1.3185089048902845,0.10856598395655644,1.3140748700852778
mango_season_loso,season2015,2015,CNN-G-W-A,0.1,0,15200,0.9160526315789473,4.541516433902231,4.541516433902231,5.483984540225837,1.0,1.3185089048902845,0.10856598395655644,1.3140748700852778
mango_season_loso,season2015,2015,CNN-GC-D,0.1,0,15200,0.8800657894736842,4.136557847703613,4.095806880252571,5.614427043657572,1.0,1.3185089048902845,0.10856598395655644,1.3140748700852778
mango_season_loso,season2016,2016,CNN-SCP,0.1,0,15310,0.7257348138471588,2.6046659643309655,2.604665964330966,6.470087735760793,1.0,1.2580345278206555,-0.6118187391573784,1.099275958487256
mango_season_loso,season2016,2016,CNN-R-U-A,0.1,0,15310,0.7374265186152841,2.5617005782499263,2.5617005782499263,6.209562017485658,1.0,1.212193346052749,-0.47016636000405443,1.1173351538742713
mango_season_loso,season2016,2016,CNN-G-W-A,0.1,0,15310,0.93370346178968,4.501958422579583,4.501958422579584,5.368264350701817,1.0,1.212193346052749,-0.47016636000405443,1.1173351538742713
mango_season_loso,season2016,2016,CNN-GC-D,0.1,0,15310,0.9376877857609406,4.500295067173776,4.363726658485507,5.162170233522426,1.0,1.212193346052749,-0.47016636000405443,1.1173351538742713
mango_season_loso,season2017,2017,CNN-SCP,0.1,0,27312,0.7476933216168717,2.6618703191234485,2.661870319123448,5.867624973328278,1.0,1.1988493624853414,0.39822144759713124,1.1307989613914071
mango_season_loso,season2017,2017,CNN-R-U-A,0.1,0,27312,0.7521968365553603,2.7062128568622263,2.7062128568622263,5.961482765094737,1.0,1.21378289500231,0.29325109345716444,1.1778469797769284
mango_season_loso,season2017,2017,CNN-G-W-A,0.1,0,27312,0.955697129466901,4.92944064466032,4.929440644660321,5.459375394123,1.0,1.21378289500231,0.29325109345716444,1.1778469797769284
mango_season_loso,season2017,2017,CNN-GC-D,0.1,0,27312,0.9518160515524312,4.782685753433438,4.688217803203208,5.3172547191405695,1.0,1.21378289500231,0.29325109345716444,1.1778469797769284
mango_season_loso,season2018,2018,CNN-SCP,0.1,0,16133,0.6958408231575033,2.455638277635458,2.455638277635458,7.5899224819168,1.0,1.3300708810494632,0.1983815914800005,1.3152340158741878
mango_season_loso,season2018,2018,CNN-R-U-A,0.1,0,16133,0.7132585383995537,2.543404941282155,2.543404941282155,8.686545651113155,1.0,1.4866074453753293,0.4556395844647572,1.4151036680468003
mango_season_loso,season2018,2018,CNN-G-W-A,0.1,0,16133,0.9073327961321515,4.929091245059186,4.929091245059187,7.037872574542178,1.0,1.4866074453753293,0.4556395844647572,1.4151036680468003
mango_season_loso,season2018,2018,CNN-GC-D,0.1,0,16133,0.9285315812310172,5.195011572050562,5.0059101534204125,6.500229324867993,1.0,1.4866074453753293,0.4556395844647572,1.4151036680468003
mango_season_loso,season2019,2019,CNN-SCP,0.1,0,5604,0.5049964311206281,2.4366053987240193,2.4366053987240193,10.9011168203799,1.0,1.6253266523330616,-0.8016295193559695,1.4140133052247845
mango_season_loso,season2019,2019,CNN-R-U-A,0.1,0,5604,0.4941113490364026,2.4846002158011373,2.4846002158011373,11.00734723262723,1.0,1.6390312062523273,-0.914762102227707,1.360133708964823
mango_season_loso,season2019,2019,CNN-G-W-A,0.1,0,5604,0.8013918629550322,4.250412588855614,4.250412588855614,6.757243805657104,1.0,1.6390312062523273,-0.914762102227707,1.360133708964823
mango_season_loso,season2019,2019,CNN-GC-D,0.1,0,5604,0.8022840827980015,4.236947904223894,4.121881103006172,6.590462981842604,1.0,1.6390312062523273,-0.914762102227707,1.360133708964823
mango_season_loso,season2020,2020,CNN-SCP,0.1,0,4452,0.7446091644204852,2.5414148037397766,2.5414148037397766,5.785590643141864,1.0,1.1699423178908979,0.067104606691733,1.1681474674906556
mango_season_loso,season2020,2020,CNN-R-U-A,0.1,0,4452,0.7205750224618149,2.4800163787029246,2.480016378702924,6.078804352143934,1.0,1.1821494865856585,0.07261972469775789,1.1800493924890934
mango_season_loso,season2020,2020,CNN-G-W-A,0.1,0,4452,0.9595687331536388,4.9395158600936915,4.939515860093692,5.38070865013072,1.0,1.1821494865856585,0.07261972469775789,1.1800493924890934
mango_season_loso,season2020,2020,CNN-GC-D,0.1,0,4452,0.9510332434860737,4.796796321509406,4.736916352983292,5.385120906249716,1.0,1.1821494865856585,0.07261972469775789,1.1800493924890934
mango_season_loso,season2021,2021,CNN-SCP,0.1,0,1390,0.4179856115107914,2.4540352018483844,2.4540352018483844,16.278711984376848,1.0,1.9817131871822347,1.373981188647032,1.4285765899278182
mango_season_loso,season2021,2021,CNN-R-U-A,0.1,0,1390,0.41079136690647483,2.4781874047750883,2.4781874047750883,16.335530274023622,1.0,1.9993148993299967,1.3082232070407256,1.5124343821495079
mango_season_loso,season2021,2021,CNN-G-W-A,0.1,0,1390,0.6561151079136691,4.241987563959583,4.241987563959583,9.855876630364024,1.0,1.9993148993299967,1.3082232070407256,1.5124343821495079
mango_season_loso,season2021,2021,CNN-GC-D,0.1,0,1390,0.6971223021582734,4.3637543606084,4.020750411826345,9.283509522033745,1.0,1.9993148993299967,1.3082232070407256,1.5124343821495079
