fold,n_train,n_test,A,n_calib_groups,setup_s,t_group_cv,t_final_fit
m5_rep0,120,20,2,2,0.02,0.016,0.004
m5_rep1,120,20,2,2,0.02,0.017,0.004
m5_rep2,120,20,2,2,0.02,0.017,0.005
m5_rep3,120,20,6,2,0.02,0.016,0.004
m5_rep4,120,20,2,2,0.02,0.016,0.004
m5_rep5,120,20,2,2,0.02,0.018,0.004
m5_rep6,120,20,2,2,0.02,0.016,0.004
m5_rep7,120,20,2,2,0.02,0.016,0.004
m5_rep8,120,20,2,2,0.02,0.017,0.005
m5_rep9,120,20,2,2,0.02,0.015,0.004
mp5_rep0,120,20,1,2,0.02,0.015,0.004
mp5_rep1,120,20,1,2,0.02,0.015,0.004
mp5_rep2,120,20,1,2,0.02,0.016,0.004
mp5_rep3,120,20,1,2,0.02,0.016,0.004
mp5_rep4,120,20,1,2,0.02,0.016,0.004
mp5_rep5,120,20,1,2,0.02,0.018,0.004
mp5_rep6,120,20,1,2,0.02,0.016,0.004
mp5_rep7,120,20,1,2,0.02,0.016,0.004
mp5_rep8,120,20,1,2,0.02,0.016,0.004
mp5_rep9,120,20,1,2,0.02,0.016,0.004
mp6_rep0,120,20,1,2,0.02,0.016,0.004
mp6_rep1,120,20,1,2,0.02,0.016,0.004
mp6_rep2,120,20,2,2,0.02,0.016,0.004
mp6_rep3,120,20,2,2,0.02,0.016,0.004
mp6_rep4,120,20,1,2,0.04,0.031,0.004
mp6_rep5,120,20,1,2,0.02,0.016,0.004
mp6_rep6,120,20,1,2,0.02,0.017,0.004
mp6_rep7,120,20,2,2,0.02,0.016,0.004
mp6_rep8,120,20,2,2,0.02,0.016,0.004
mp6_rep9,120,20,2,2,0.02,0.017,0.004
