task,fold,group,method,alpha,seed,A,time_s,n,coverage,width_mean,width_median,interval_score,finite_frac,rmse,bias,sep,K,rep
mango_instrument,inst14002,14002,SCP,0.1,2,13,0.4073047637939453,3364,0.8736623067776457,3.740775493500813,3.740775493500813,5.374833962593525,1.0,1.2358058344086216,-0.5293523447260579,1.1168585210372062,20,2
mango_instrument,inst14002,14002,CV+,0.1,2,13,1.9791436195373535,3364,0.8938763376932224,3.932507556150772,3.932110921083151,5.2550059258863735,1.0,1.2358058344086216,-0.5293523447260579,1.1168585210372062,20,2
mango_instrument,inst14002,14002,G-W-A,0.1,2,13,0.008890390396118164,3364,0.9670035671819263,5.541851534714568,5.541851534714567,5.790112620492455,1.0,1.2358058344086216,-0.5293523447260579,1.1168585210372062,20,2
mango_instrument,inst14002,14002,GC-D,0.1,2,13,0.06522798538208008,3364,0.9693816884661117,5.389143585979428,5.398532205262482,5.578481815358922,1.0,1.2358058344086216,-0.5293523447260579,1.1168585210372062,20,2
mango_instrument,inst14002,14002,HJ+,0.1,2,13,0.5178093910217285,3364,0.9988109393579072,6.807558627365425,6.804329579340088,6.814239975193857,1.0,1.2358058344086216,-0.5293523447260579,1.1168585210372062,20,2
mango_instrument,inst14002,14002,HCP-D,0.1,2,13,0.25057101249694824,3364,1.0,17.120956637056704,16.69630062348417,17.120956637056704,1.0,1.2358058344086216,-0.5293523447260579,1.1168585210372062,20,2
mango_instrument,inst14002,14002,ORACLE,0.1,2,13,0.002349376678466797,3364,0.8995243757431629,4.101315421052219,3.80848528650065,5.331869544456503,1.0,1.2358058344086216,-0.5293523447260579,1.1168585210372062,20,2
mango_instrument,inst15006,15006,SCP,0.1,2,20,0.21582984924316406,15040,0.7401595744680851,2.863450987752557,2.8634509877525574,6.750379638415637,1.0,1.3658707562760872,-0.11698009960909496,1.3608973951835899,20,2
mango_instrument,inst15006,15006,CV+,0.1,2,20,1.5682923793792725,15040,0.732247340425532,2.8378043839116356,2.834082839583397,6.96141383540525,1.0,1.3658707562760872,-0.11698009960909496,1.3608973951835899,20,2
mango_instrument,inst15006,15006,G-W-A,0.1,2,20,0.003974437713623047,15040,0.9005984042553191,4.455075324283229,4.455075324283229,5.894426679031167,1.0,1.3658707562760872,-0.11698009960909496,1.3608973951835899,20,2
mango_instrument,inst15006,15006,GC-D,0.1,2,20,0.03563857078552246,15040,0.8910239361702128,4.172039202972847,4.106893613194162,5.55036108211962,1.0,1.3658707562760872,-0.11698009960909496,1.3608973951835899,20,2
mango_instrument,inst15006,15006,HJ+,0.1,2,20,2.08727765083313,15040,0.9319148936170213,4.867054756517563,4.832312687829579,5.771398729622677,1.0,1.3658707562760872,-0.11698009960909496,1.3608973951835899,20,2
mango_instrument,inst15006,15006,HCP-D,0.1,2,20,0.1080632209777832,15040,0.9998005319148936,32.70090968180004,29.9289602058796,32.71041600703722,1.0,1.3658707562760872,-0.11698009960909496,1.3608973951835899,20,2
mango_instrument,inst15006,15006,ORACLE,0.1,2,20,0.014921426773071289,15040,0.8992686170212766,4.447884179538664,4.366461618236899,5.900554811748452,1.0,1.3658707562760872,-0.11698009960909496,1.3608973951835899,20,2
mango_instrument,inst15013,15013,SCP,0.1,2,13,0.4753849506378174,768,0.4153645833333333,3.4855596235462514,3.4855596235462514,13.492596555380727,1.0,2.181740202330099,-1.936760020991936,1.0051200836565088,20,2
mango_instrument,inst15013,15013,CV+,0.1,2,13,2.205228328704834,768,0.4231770833333333,3.5065914864711942,3.5064976303675017,13.519869375761019,1.0,2.181740202330099,-1.936760020991936,1.0051200836565088,20,2
mango_instrument,inst15013,15013,G-W-A,0.1,2,13,0.010027170181274414,768,0.6822916666666666,4.841779504744842,4.841779504744842,8.88914064699403,1.0,2.181740202330099,-1.936760020991936,1.0051200836565088,20,2
mango_instrument,inst15013,15013,GC-D,0.1,2,13,0.07873082160949707,768,0.5247395833333334,3.9514564179047333,3.9314790682735783,11.555538520875785,1.0,2.181740202330099,-1.936760020991936,1.0051200836565088,20,2
mango_instrument,inst15013,15013,HJ+,0.1,2,13,0.1901867389678955,768,0.8424479166666666,5.763775642790552,5.762234004792962,7.552949739902561,1.0,2.181740202330099,-1.936760020991936,1.0051200836565088,20,2
mango_instrument,inst15013,15013,HCP-D,0.1,2,13,0.3947446346282959,768,0.953125,10.03420272292066,9.819335808345228,10.389661948760528,1.0,2.181740202330099,-1.936760020991936,1.0051200836565088,20,2
mango_instrument,inst15013,15013,ORACLE,0.1,2,13,0.0006940364837646484,768,0.90234375,6.576435979612985,6.576435979612985,7.451482451364199,1.0,2.181740202330099,-1.936760020991936,1.0051200836565088,20,2
mango_instrument,inst15014,15014,SCP,0.1,2,16,0.22518563270568848,8219,0.7953522326317071,2.944290536563767,2.9442905365637664,6.134370454544909,1.0,1.264470858722584,0.3175292244405963,1.22402779155211,20,2
mango_instrument,inst15014,15014,CV+,0.1,2,16,1.2565431594848633,8219,0.7990023117167538,2.9956380351383824,2.99554150923602,6.138913129605411,1.0,1.264470858722584,0.3175292244405963,1.22402779155211,20,2
mango_instrument,inst15014,15014,G-W-A,0.1,2,16,0.0045855045318603516,8219,0.9126414405645455,4.276515584982413,4.276515584982413,5.64315569175776,1.0,1.264470858722584,0.3175292244405963,1.22402779155211,20,2
mango_instrument,inst15014,15014,GC-D,0.1,2,16,0.04354214668273926,8219,0.895972746076165,3.9395468750101235,3.930085429040707,5.5332820084291345,1.0,1.264470858722584,0.3175292244405963,1.22402779155211,20,2
mango_instrument,inst15014,15014,HJ+,0.1,2,16,0.998253583908081,8219,0.9482905462951697,5.230089234630352,5.2240609274400605,5.9507543662099405,1.0,1.264470858722584,0.3175292244405963,1.22402779155211,20,2
mango_instrument,inst15014,15014,HCP-D,0.1,2,16,0.09904003143310547,8219,0.9906314636817131,12.168991843330604,9.59752035494478,12.243593042605935,1.0,1.264470858722584,0.3175292244405963,1.22402779155211,20,2
mango_instrument,inst15014,15014,ORACLE,0.1,2,16,0.005242824554443359,8219,0.9004745102810561,4.062791076729937,4.076421371679224,5.6281988365520155,1.0,1.264470858722584,0.3175292244405963,1.22402779155211,20,2
mango_instrument,inst15015,15015,SCP,0.1,2,17,0.41796088218688965,2987,0.883495145631068,3.6291184948129995,3.6291184948129995,4.676409821266069,1.0,1.1985787434153528,-0.8246670640650346,0.8699244746978456,20,2
mango_instrument,inst15015,15015,CV+,0.1,2,17,2.0214662551879883,2987,0.8781386006026113,3.6151361382709717,3.615114436225376,4.71740243152226,1.0,1.1985787434153528,-0.8246670640650346,0.8699244746978456,20,2
mango_instrument,inst15015,15015,G-W-A,0.1,2,17,0.007660388946533203,2987,0.979578172079009,5.151767173294462,5.151767173294463,5.340239587972589,1.0,1.1985787434153528,-0.8246670640650346,0.8699244746978456,20,2
mango_instrument,inst15015,15015,GC-D,0.1,2,17,0.08247685432434082,2987,0.9283562102443924,4.191563308697968,4.096179491621985,4.690348445151189,1.0,1.1985787434153528,-0.8246670640650346,0.8699244746978456,20,2
mango_instrument,inst15015,15015,HJ+,0.1,2,17,0.49085521697998047,2987,0.9943086709072648,5.959420320324562,5.952120498252803,6.031726870932894,1.0,1.1985787434153528,-0.8246670640650346,0.8699244746978456,20,2
mango_instrument,inst15015,15015,HCP-D,0.1,2,17,0.35091376304626465,2987,1.0,12.32629254314857,12.284033496058555,12.32629254314857,1.0,1.1985787434153528,-0.8246670640650346,0.8699244746978456,20,2
mango_instrument,inst15015,15015,ORACLE,0.1,2,17,0.0020580291748046875,2987,0.9005691329092735,3.8088866318676993,3.8089834599318895,4.695387457179041,1.0,1.1985787434153528,-0.8246670640650346,0.8699244746978456,20,2
mango_instrument,inst15016,15016,SCP,0.1,2,20,0.36667704582214355,7584,0.7695147679324894,3.2151724870406153,3.215172487040615,6.294798911193755,1.0,1.4096012025733025,-0.7766599491532218,1.1764171698450343,20,2
mango_instrument,inst15016,15016,CV+,0.1,2,20,1.8743369579315186,7584,0.7419567510548524,3.1990664575874392,3.1974120828759762,6.733770845622874,1.0,1.4096012025733025,-0.7766599491532218,1.1764171698450343,20,2
mango_instrument,inst15016,15016,G-W-A,0.1,2,20,0.007203578948974609,7584,0.8587816455696202,4.1543572092539875,4.1543572092539875,5.84225347991702,1.0,1.4096012025733025,-0.7766599491532218,1.1764171698450343,20,2
mango_instrument,inst15016,15016,GC-D,0.1,2,20,0.058823347091674805,7584,0.8347837552742616,3.954906742920861,3.7952457546633322,5.9262670001721185,1.0,1.4096012025733025,-0.7766599491532218,1.1764171698450343,20,2
mango_instrument,inst15016,15016,HJ+,0.1,2,20,1.068359136581421,7584,0.9720464135021097,5.573138687186516,5.544068091780276,5.894116000913547,1.0,1.4096012025733025,-0.7766599491532218,1.1764171698450343,20,2
mango_instrument,inst15016,15016,HCP-D,0.1,2,20,0.3962695598602295,7584,1.0,13.702535579128314,12.787725292917507,13.702535579128314,1.0,1.4096012025733025,-0.7766599491532218,1.1764171698450343,20,2
mango_instrument,inst15016,15016,ORACLE,0.1,2,20,0.004139423370361328,7584,0.8997890295358649,4.5915312736566225,4.5578104726722515,5.761353892955785,1.0,1.4096012025733025,-0.7766599491532218,1.1764171698450343,20,2
mango_instrument,inst15023,15023,SCP,0.1,2,10,0.3945627212524414,5835,0.919451585261354,4.284211772604948,4.284211772604948,5.236755034374765,1.0,1.217904314993544,-0.20694147673200372,1.2002970692804618,20,2
mango_instrument,inst15023,15023,CV+,0.1,2,10,1.8731880187988281,5835,0.9146529562982005,4.207126601315501,4.207100185526874,5.221142077826878,1.0,1.217904314993544,-0.20694147673200372,1.2002970692804618,20,2
mango_instrument,inst15023,15023,G-W-A,0.1,2,10,0.0071065425872802734,5835,0.965209940017138,5.375472462601766,5.375472462601767,5.7206191312753045,1.0,1.217904314993544,-0.20694147673200372,1.2002970692804618,20,2
mango_instrument,inst15023,15023,GC-D,0.1,2,10,0.05963873863220215,5835,0.954241645244216,5.075247791402814,4.999899080011156,5.570343125610981,1.0,1.217904314993544,-0.20694147673200372,1.2002970692804618,20,2
mango_instrument,inst15023,15023,HJ+,0.1,2,10,0.8180444240570068,5835,0.9873179091688089,6.497915695190369,6.480341572050859,6.599760759750631,1.0,1.217904314993544,-0.20694147673200372,1.2002970692804618,20,2
mango_instrument,inst15023,15023,HCP-D,0.1,2,10,0.33167338371276855,5835,0.9991431019708654,9.424919540165723,8.953118352656988,9.430338040438478,1.0,1.217904314993544,-0.20694147673200372,1.2002970692804618,20,2
mango_instrument,inst15023,15023,ORACLE,0.1,2,10,0.003268003463745117,5835,0.8999143101970866,3.99905798439019,4.0087512758987955,5.205671326408666,1.0,1.217904314993544,-0.20694147673200372,1.2002970692804618,20,2
mango_instrument,inst15025,15025,SCP,0.1,2,8,0.6325788497924805,800,0.90375,4.45360745585263,4.45360745585263,5.789719223610347,1.0,1.3682637499497827,-0.463815339105632,1.2880585736869772,20,2
mango_instrument,inst15025,15025,CV+,0.1,2,8,3.0151593685150146,800,0.9075,4.461952076189035,4.4621710995044985,5.867278698944707,1.0,1.3682637499497827,-0.463815339105632,1.2880585736869772,20,2
mango_instrument,inst15025,15025,G-W-A,0.1,2,8,0.01076197624206543,800,0.9325,4.982741638911044,4.982741638911044,5.96565063471252,1.0,1.3682637499497827,-0.463815339105632,1.2880585736869772,20,2
mango_instrument,inst15025,15025,GC-D,0.1,2,8,0.09427022933959961,800,0.9025,4.489903351708568,4.446952850261773,5.783199316326716,1.0,1.3682637499497827,-0.463815339105632,1.2880585736869772,20,2
mango_instrument,inst15025,15025,HJ+,0.1,2,8,0.2153310775756836,800,0.9675,5.951478144038329,5.940711549963311,6.418888501812392,1.0,1.3682637499497827,-0.463815339105632,1.2880585736869772,20,2
mango_instrument,inst15025,15025,HCP-D,0.1,2,8,0.5944323539733887,800,0.9925,8.45572320628397,8.365140486726624,8.477179740794508,1.0,1.3682637499497827,-0.463815339105632,1.2880585736869772,20,2
mango_instrument,inst15025,15025,ORACLE,0.1,2,8,0.0007042884826660156,800,0.89375,4.360888005024732,4.360888005024731,5.900454354721319,1.0,1.3682637499497827,-0.463815339105632,1.2880585736869772,20,2
mango_instrument,inst15027,15027,SCP,0.1,2,14,0.5773658752441406,2100,0.7428571428571429,3.4760287813372313,3.476028781337231,6.66526336270667,1.0,1.4553282784299404,0.813649892291442,1.2069166883532645,20,2
mango_instrument,inst15027,15027,CV+,0.1,2,14,2.6801154613494873,2100,0.7542857142857143,3.5402970686455575,3.5398044322808326,6.555861008367045,1.0,1.4553282784299404,0.813649892291442,1.2069166883532645,20,2
mango_instrument,inst15027,15027,G-W-A,0.1,2,14,0.010703086853027344,2100,0.8985714285714286,4.785723960878677,4.785723960878677,5.717245986260517,1.0,1.4553282784299404,0.813649892291442,1.2069166883532645,20,2
mango_instrument,inst15027,15027,GC-D,0.1,2,14,0.09248876571655273,2100,0.799047619047619,3.9855766885011397,3.9714571244310743,6.323698875996483,1.0,1.4553282784299404,0.813649892291442,1.2069166883532645,20,2
mango_instrument,inst15027,15027,HJ+,0.1,2,14,0.3843569755554199,2100,0.9652380952380952,5.84700280323368,5.8367701790721505,6.111047411166458,1.0,1.4553282784299404,0.813649892291442,1.2069166883532645,20,2
mango_instrument,inst15027,15027,HCP-D,0.1,2,14,0.8959522247314453,2100,0.959047619047619,6.346608530784522,6.389476889456161,6.759446378804131,1.0,1.4553282784299404,0.813649892291442,1.2069166883532645,20,2
mango_instrument,inst15027,15027,ORACLE,0.1,2,14,0.0014276504516601562,2100,0.89,4.756517600985498,4.936963908841717,5.764820010531484,1.0,1.4553282784299404,0.813649892291442,1.2069166883532645,20,2
mango_instrument,inst15029,15029,SCP,0.1,2,17,0.5289204120635986,4480,0.8234375,3.487819193772367,3.487819193772367,6.020701196490193,1.0,1.3358030559660405,0.4436140264387478,1.260131282337351,20,2
mango_instrument,inst15029,15029,CV+,0.1,2,17,2.4380850791931152,4480,0.8229910714285714,3.479073654420687,3.479085101371888,6.022071663571399,1.0,1.3358030559660405,0.4436140264387478,1.260131282337351,20,2
mango_instrument,inst15029,15029,G-W-A,0.1,2,17,0.009405374526977539,4480,0.8863839285714286,4.126292989900577,4.126292989900577,5.7343275650853025,1.0,1.3358030559660405,0.4436140264387478,1.260131282337351,20,2
mango_instrument,inst15029,15029,GC-D,0.1,2,17,0.07861542701721191,4480,0.7689732142857143,3.1311668894256,3.0453420141307603,6.523675374099344,1.0,1.3358030559660405,0.4436140264387478,1.260131282337351,20,2
mango_instrument,inst15029,15029,HJ+,0.1,2,17,0.7560830116271973,4480,0.9404017857142857,5.043205766121059,5.030415888772633,5.82871294189221,1.0,1.3358030559660405,0.4436140264387478,1.260131282337351,20,2
mango_instrument,inst15029,15029,HCP-D,0.1,2,17,0.34132838249206543,4480,0.9830357142857142,7.10856848675257,7.135199649575015,7.261159027406661,1.0,1.3358030559660405,0.4436140264387478,1.260131282337351,20,2
mango_instrument,inst15029,15029,ORACLE,0.1,2,17,0.0026459693908691406,4480,0.9002232142857143,4.3148889554267225,4.289761050361095,5.7232259885985215,1.0,1.3358030559660405,0.4436140264387478,1.260131282337351,20,2
mango_instrument,inst15038,15038,SCP,0.1,2,19,0.5037755966186523,3634,0.534672537149147,3.440212394546314,3.4402123945463146,12.3444388318541,1.0,2.0419008051193184,1.7157918741270757,1.1071379518130202,20,2
mango_instrument,inst15038,15038,CV+,0.1,2,19,2.1550121307373047,3634,0.5277930654925702,3.443009697876101,3.4425592010986357,12.389582682330929,1.0,2.0419008051193184,1.7157918741270757,1.1071379518130202,20,2
mango_instrument,inst15038,15038,G-W-A,0.1,2,19,0.008939981460571289,3634,0.7025316455696202,4.593777856024744,4.593777856024744,9.127217694538432,1.0,2.0419008051193184,1.7157918741270757,1.1071379518130202,20,2
mango_instrument,inst15038,15038,GC-D,0.1,2,19,0.08417439460754395,3634,0.775178866263071,4.9522078593107,4.851488980506456,7.52671768548924,1.0,2.0419008051193184,1.7157918741270757,1.1071379518130202,20,2
mango_instrument,inst15038,15038,HJ+,0.1,2,19,0.568608283996582,3634,0.8436984039625757,5.646194206513722,5.634723296266385,7.497498396493436,1.0,2.0419008051193184,1.7157918741270757,1.1071379518130202,20,2
mango_instrument,inst15038,15038,HCP-D,0.1,2,19,0.46452927589416504,3634,1.0,23.914206763754144,22.18304972518549,23.914206763754144,1.0,2.0419008051193184,1.7157918741270757,1.1071379518130202,20,2
mango_instrument,inst15038,15038,ORACLE,0.1,2,19,0.0036821365356445312,3634,0.9014859658778206,6.402337871627127,6.457824320390017,7.50779271569655,1.0,2.0419008051193184,1.7157918741270757,1.1071379518130202,20,2
mango_instrument,inst16032,16032,SCP,0.1,2,17,0.4579737186431885,828,0.3188405797101449,3.2242054619185123,3.224205461918512,16.322044908824314,1.0,2.2300482996303033,-1.9491276862183906,1.0841753965791254,20,2
mango_instrument,inst16032,16032,CV+,0.1,2,17,1.9789960384368896,828,0.35628019323671495,3.2802931407290794,3.279458142578246,15.297026246098296,1.0,2.2300482996303033,-1.9491276862183906,1.0841753965791254,20,2
mango_instrument,inst16032,16032,G-W-A,0.1,2,17,0.00855112075805664,828,0.5628019323671497,4.329849641245528,4.329849641245527,10.614476586879471,1.0,2.2300482996303033,-1.9491276862183906,1.0841753965791254,20,2
mango_instrument,inst16032,16032,GC-D,0.1,2,17,0.07949352264404297,828,0.6992753623188406,5.0946524858349065,5.061522057227744,9.24001925252845,1.0,2.2300482996303033,-1.9491276862183906,1.0841753965791254,20,2
mango_instrument,inst16032,16032,HJ+,0.1,2,17,0.1862504482269287,828,0.8297101449275363,6.01005287174726,5.993141744160557,8.197087847027133,1.0,2.2300482996303033,-1.9491276862183906,1.0841753965791254,20,2
mango_instrument,inst16032,16032,HCP-D,0.1,2,17,0.501030683517456,828,1.0,21.534584922098272,21.304628343249142,21.534584922098272,1.0,2.2300482996303033,-1.9491276862183906,1.0841753965791254,20,2
mango_instrument,inst16032,16032,ORACLE,0.1,2,17,0.0007550716400146484,828,0.9033816425120773,6.565476670515275,6.565476670515276,7.632767578008614,1.0,2.2300482996303033,-1.9491276862183906,1.0841753965791254,20,2
mango_instrument,inst16033,16033,SCP,0.1,2,11,0.7735071182250977,1504,0.9122340425531915,3.9774499692794265,3.9774499692794265,4.634709916224918,1.0,1.1376964195934136,0.332212072749981,1.0884741760354455,20,2
mango_instrument,inst16033,16033,CV+,0.1,2,11,2.697003126144409,1504,0.9115691489361702,4.004898811205522,4.003792725875554,4.680602569185484,1.0,1.1376964195934136,0.332212072749981,1.0884741760354455,20,2
mango_instrument,inst16033,16033,G-W-A,0.1,2,11,0.010068655014038086,1504,0.9727393617021277,4.995966046122564,4.995966046122565,5.135193645870179,1.0,1.1376964195934136,0.332212072749981,1.0884741760354455,20,2
mango_instrument,inst16033,16033,GC-D,0.1,2,11,0.08827543258666992,1504,0.9541223404255319,4.681060279717153,4.705313086659648,4.94921339631436,1.0,1.1376964195934136,0.332212072749981,1.0884741760354455,20,2
mango_instrument,inst16033,16033,HJ+,0.1,2,11,0.39932918548583984,1504,0.9966755319148937,5.8661463068918955,5.8643041932309945,5.879660406433756,1.0,1.1376964195934136,0.332212072749981,1.0884741760354455,20,2
mango_instrument,inst16033,16033,HCP-D,0.1,2,11,0.3919217586517334,1504,1.0,34.81716284742137,34.995946229433876,34.81716284742137,1.0,1.1376964195934136,0.332212072749981,1.0884741760354455,20,2
mango_instrument,inst16033,16033,ORACLE,0.1,2,11,0.0011816024780273438,1504,0.894281914893617,3.87145018510425,3.715845944866361,4.707893695288742,1.0,1.1376964195934136,0.332212072749981,1.0884741760354455,20,2
mango_instrument,inst16041,16041,SCP,0.1,2,9,0.3176875114440918,4672,0.953125,4.080742152768305,4.080742152768305,4.495677504963233,1.0,1.073201833379825,-0.14997940963623338,1.062784133038071,20,2
mango_instrument,inst16041,16041,CV+,0.1,2,9,1.6414456367492676,4672,0.9574058219178082,4.291067689808379,4.28188034214893,4.6983205517004265,1.0,1.073201833379825,-0.14997940963623338,1.062784133038071,20,2
mango_instrument,inst16041,16041,G-W-A,0.1,2,9,0.005975008010864258,4672,0.9882277397260274,5.573084232327044,5.573084232327044,5.67892917546033,1.0,1.073201833379825,-0.14997940963623338,1.062784133038071,20,2
mango_instrument,inst16041,16041,GC-D,0.1,2,9,0.05276632308959961,4672,0.9877996575342466,5.763335845030513,5.804855934854979,5.886364566190364,1.0,1.073201833379825,-0.14997940963623338,1.062784133038071,20,2
mango_instrument,inst16041,16041,HJ+,0.1,2,9,0.6382379531860352,4672,0.9976455479452054,6.756430689937915,6.75745178236842,6.777764874101341,1.0,1.073201833379825,-0.14997940963623338,1.062784133038071,20,2
mango_instrument,inst16041,16041,HCP-D,0.1,2,9,0.1044759750366211,4672,1.0,11.745991468467809,10.526151582712556,11.745991468467809,1.0,1.073201833379825,-0.14997940963623338,1.062784133038071,20,2
mango_instrument,inst16041,16041,ORACLE,0.1,2,9,0.002817392349243164,4672,0.8972602739726028,3.4779210237255147,3.5443007844239585,4.506382783619398,1.0,1.073201833379825,-0.14997940963623338,1.062784133038071,20,2
mango_instrument,inst16048,16048,SCP,0.1,2,9,0.3848745822906494,2466,0.5141930251419302,3.902953159573031,3.9029531595730305,13.763848104847384,1.0,2.3524476209178826,-1.305824481139949,1.957137070420564,20,2
mango_instrument,inst16048,16048,CV+,0.1,2,9,1.8488943576812744,2466,0.5036496350364964,3.8991253620469326,3.8979382607595454,14.1791852878432,1.0,2.3524476209178826,-1.305824481139949,1.957137070420564,20,2
mango_instrument,inst16048,16048,G-W-A,0.1,2,9,0.00763249397277832,2466,0.6593673965936739,4.8199136346742,4.819913634674201,11.256240614805957,1.0,2.3524476209178826,-1.305824481139949,1.957137070420564,20,2
mango_instrument,inst16048,16048,GC-D,0.1,2,9,0.06308126449584961,2466,0.6492295214922952,4.749024305472464,4.718161726909822,11.506255846311737,1.0,2.3524476209178826,-1.305824481139949,1.957137070420564,20,2
mango_instrument,inst16048,16048,HJ+,0.1,2,9,0.38210463523864746,2466,0.7879156528791565,5.854878863264453,5.834146294770485,9.554156093151816,1.0,2.3524476209178826,-1.305824481139949,1.957137070420564,20,2
mango_instrument,inst16048,16048,HCP-D,0.1,2,9,0.4089810848236084,2466,0.9740470397404704,9.57542404532159,9.189788842766802,9.868688618881563,1.0,2.3524476209178826,-1.305824481139949,1.957137070420564,20,2
mango_instrument,inst16048,16048,ORACLE,0.1,2,9,0.0016067028045654297,2466,0.8937550689375506,7.323503393189916,6.860820306969211,8.971631789692578,1.0,2.3524476209178826,-1.305824481139949,1.957137070420564,20,2
mango_instrument,inst17033,17033,SCP,0.1,2,14,0.44057679176330566,3816,0.9261006289308176,3.5255038576816586,3.5255038576816595,4.219941694748355,1.0,0.9932890987386458,-0.3184225625378585,0.9409900874814628,20,2
mango_instrument,inst17033,17033,CV+,0.1,2,14,2.3168671131134033,3816,0.9268867924528302,3.565485356872998,3.564606794866256,4.259266713551003,1.0,0.9932890987386458,-0.3184225625378585,0.9409900874814628,20,2
mango_instrument,inst17033,17033,G-W-A,0.1,2,14,0.007601737976074219,3816,0.9719601677148847,4.539117301440939,4.539117301440939,4.7911473369666275,1.0,0.9932890987386458,-0.3184225625378585,0.9409900874814628,20,2
mango_instrument,inst17033,17033,GC-D,0.1,2,14,0.06563091278076172,3816,0.9706498951781971,4.393390520474426,4.282413187847013,4.6698714756219495,1.0,0.9932890987386458,-0.3184225625378585,0.9409900874814628,20,2
mango_instrument,inst17033,17033,HJ+,0.1,2,14,0.5954382419586182,3816,0.990041928721174,5.456856603514282,5.4443715602568705,5.530837581767186,1.0,0.9932890987386458,-0.3184225625378585,0.9409900874814628,20,2
mango_instrument,inst17033,17033,HCP-D,0.1,2,14,0.16369080543518066,3816,1.0,14.772150101943208,15.06004042846791,14.772150101943208,1.0,0.9932890987386458,-0.3184225625378585,0.9409900874814628,20,2
mango_instrument,inst17033,17033,ORACLE,0.1,2,14,0.0024242401123046875,3816,0.9019916142557652,3.277600492220595,3.4696208348609385,4.272280824130226,1.0,0.9932890987386458,-0.3184225625378585,0.9409900874814628,20,2
mango_instrument,inst17040,17040,SCP,0.1,2,13,0.674968957901001,872,0.46788990825688076,3.7917500742116594,3.7917500742116594,9.411377549047687,1.0,2.032142614008423,1.8803421087149303,0.7711024818353446,20,2
mango_instrument,inst17040,17040,CV+,0.1,2,13,3.2855141162872314,872,0.4690366972477064,3.7863094221281908,3.78618196122466,9.481301776213346,1.0,2.032142614008423,1.8803421087149303,0.7711024818353446,20,2
mango_instrument,inst17040,17040,G-W-A,0.1,2,13,0.011489629745483398,872,0.7442660550458715,4.782678243268918,4.7826782432689185,6.543805527387303,1.0,2.032142614008423,1.8803421087149303,0.7711024818353446,20,2
mango_instrument,inst17040,17040,GC-D,0.1,2,13,0.10017228126525879,872,0.7396788990825688,4.9287024330083335,4.930987298600634,6.886304210882987,1.0,2.032142614008423,1.8803421087149303,0.7711024818353446,20,2
mango_instrument,inst17040,17040,HJ+,0.1,2,13,0.23580408096313477,872,0.9793577981651376,5.885670961286254,5.884502082646789,6.120754656363884,1.0,2.032142614008423,1.8803421087149303,0.7711024818353446,20,2
mango_instrument,inst17040,17040,HCP-D,0.1,2,13,0.5142786502838135,872,1.0,15.667388802361527,15.32491001485106,15.667388802361527,1.0,2.032142614008423,1.8803421087149303,0.7711024818353446,20,2
mango_instrument,inst17040,17040,ORACLE,0.1,2,13,0.0007627010345458984,872,0.9059633027522935,5.465423993399754,5.465423993399756,6.060705713067045,1.0,2.032142614008423,1.8803421087149303,0.7711024818353446,20,2
mango_instrument,inst17052,17052,SCP,0.1,2,9,0.7675464153289795,2244,0.7691622103386809,4.130696929185663,4.130696929185664,13.85073729839976,1.0,2.294627088432091,-0.6234812096265471,2.2087912511467938,20,2
mango_instrument,inst17052,17052,CV+,0.1,2,9,4.1632091999053955,2244,0.7704991087344029,4.171161603841105,4.171176405711323,13.644481884072265,1.0,2.294627088432091,-0.6234812096265471,2.2087912511467938,20,2
mango_instrument,inst17052,17052,G-W-A,0.1,2,9,0.009589910507202148,2244,0.8168449197860963,5.032250227593046,5.032250227593046,12.765331078832963,1.0,2.294627088432091,-0.6234812096265471,2.2087912511467938,20,2
mango_instrument,inst17052,17052,GC-D,0.1,2,9,0.1363201141357422,2244,0.821301247771836,4.968223743572327,4.657770631206176,10.034799405674418,1.0,2.294627088432091,-0.6234812096265471,2.2087912511467938,20,2
mango_instrument,inst17052,17052,HJ+,0.1,2,9,0.5906095504760742,2244,0.9010695187165776,6.154306962321997,5.9639600340867185,8.523077448156998,1.0,2.294627088432091,-0.6234812096265471,2.2087912511467938,20,2
mango_instrument,inst17052,17052,HCP-D,0.1,2,9,0.4491922855377197,2244,0.910427807486631,10.33158204150306,9.732744504942918,13.401708291544495,1.0,2.294627088432091,-0.6234812096265471,2.2087912511467938,20,2
mango_instrument,inst17052,17052,ORACLE,0.1,2,9,0.0016667842864990234,2244,0.9006238859180036,8.766977899606054,8.766977899606054,11.47190643330935,1.0,2.294627088432091,-0.6234812096265471,2.2087912511467938,20,2
mango_instrument,inst17057,17057,SCP,0.1,2,14,0.6767470836639404,2570,0.6941634241245136,3.509035090850069,3.5090350908500696,10.439991340379544,1.0,1.8419438828947203,0.6188240912077033,1.73521917970108,20,2
mango_instrument,inst17057,17057,CV+,0.1,2,14,3.0510447025299072,2570,0.6980544747081712,3.5660416069239633,3.563289766151909,10.535883566418526,1.0,1.8419438828947203,0.6188240912077033,1.73521917970108,20,2
mango_instrument,inst17057,17057,G-W-A,0.1,2,14,0.007410287857055664,2570,0.8552529182879377,5.554023227429769,5.55402322742977,8.227046373354343,1.0,1.8419438828947203,0.6188240912077033,1.73521917970108,20,2
mango_instrument,inst17057,17057,GC-D,0.1,2,14,0.10555076599121094,2570,0.9023346303501946,5.864565814038183,5.7444999068021,7.087643069049801,1.0,1.8419438828947203,0.6188240912077033,1.73521917970108,20,2
mango_instrument,inst17057,17057,HJ+,0.1,2,14,0.49195337295532227,2570,0.9155642023346303,6.5332417334988735,6.508440684273817,7.702452924577756,1.0,1.8419438828947203,0.6188240912077033,1.73521917970108,20,2
mango_instrument,inst17057,17057,HCP-D,0.1,2,14,0.5035500526428223,2570,1.0,13.967022052297816,12.61613338855511,13.967022052297816,1.0,1.8419438828947203,0.6188240912077033,1.73521917970108,20,2
mango_instrument,inst17057,17057,ORACLE,0.1,2,14,0.0057468414306640625,2570,0.9038910505836576,6.4960038607287975,6.362799866799451,8.044806011071708,1.0,1.8419438828947203,0.6188240912077033,1.73521917970108,20,2
mango_instrument,inst18007,18007,SCP,0.1,2,9,0.4569716453552246,1946,0.8997944501541624,4.2186784598163305,4.218678459816331,5.437622294384199,1.0,1.2781226487000665,0.058981712618165955,1.2770891785534377,20,2
mango_instrument,inst18007,18007,CV+,0.1,2,9,2.3632431030273438,1946,0.8977389516957862,4.202442971848788,4.202420546988983,5.425740831107427,1.0,1.2781226487000665,0.058981712618165955,1.2770891785534377,20,2
mango_instrument,inst18007,18007,G-W-A,0.1,2,9,0.014175653457641602,1946,0.9532374100719424,5.357133222658939,5.357133222658938,5.773616309214709,1.0,1.2781226487000665,0.058981712618165955,1.2770891785534377,20,2
mango_instrument,inst18007,18007,GC-D,0.1,2,9,0.07636785507202148,1946,0.9558067831449126,5.382929737462457,5.482371451632836,5.795720705911084,1.0,1.2781226487000665,0.058981712618165955,1.2770891785534377,20,2
mango_instrument,inst18007,18007,HJ+,0.1,2,9,0.5651404857635498,1946,0.9830421377183967,6.417367784597542,6.413083461418229,6.5246646221179985,1.0,1.2781226487000665,0.058981712618165955,1.2770891785534377,20,2
mango_instrument,inst18007,18007,HCP-D,0.1,2,9,0.147416353225708,1946,0.9917780061664954,26.29344950529214,19.90219526561864,26.34290402401015,1.0,1.2781226487000665,0.058981712618165955,1.2770891785534377,20,2
mango_instrument,inst18007,18007,ORACLE,0.1,2,9,0.001604318618774414,1946,0.9003083247687564,4.233726181391919,4.233726181391919,5.440523231372719,1.0,1.2781226487000665,0.058981712618165955,1.2770891785534377,20,2
mango_instrument,inst18029,18029,SCP,0.1,2,18,0.6853082180023193,2022,0.7858555885262116,3.4616082582204544,3.461608258220455,6.255054137884827,1.0,1.4210274557395284,-0.24224197003613634,1.400574164568191,20,2
mango_instrument,inst18029,18029,CV+,0.1,2,18,3.6508560180664062,2022,0.7690405539070228,3.4357582218501146,3.413786079556914,6.457246503688462,1.0,1.4210274557395284,-0.24224197003613634,1.400574164568191,20,2
mango_instrument,inst18029,18029,G-W-A,0.1,2,18,0.01672077178955078,2022,0.8694362017804155,4.253548612020364,4.253548612020364,5.822495887236809,1.0,1.4210274557395284,-0.24224197003613634,1.400574164568191,20,2
mango_instrument,inst18029,18029,GC-D,0.1,2,18,0.10475444793701172,2022,0.9114737883283878,5.007249223201846,4.500005511979917,5.889337585539073,1.0,1.4210274557395284,-0.24224197003613634,1.400574164568191,20,2
mango_instrument,inst18029,18029,HJ+,0.1,2,18,0.6313252449035645,2022,0.947082096933729,5.387888066000381,5.2732316128311565,5.952721726145875,1.0,1.4210274557395284,-0.24224197003613634,1.400574164568191,20,2
mango_instrument,inst18029,18029,HCP-D,0.1,2,18,0.7493672370910645,2022,0.973293768545994,14.032790797218937,9.573806737725828,14.222512365880375,1.0,1.4210274557395284,-0.24224197003613634,1.400574164568191,20,2
mango_instrument,inst18029,18029,ORACLE,0.1,2,18,0.009618759155273438,2022,0.9055390702274976,4.698200308755666,4.886590847654331,5.816756909356318,1.0,1.4210274557395284,-0.24224197003613634,1.400574164568191,20,2
mango_instrument,inst18030,18030,SCP,0.1,2,18,0.4959909915924072,702,0.8347578347578347,3.405071858546286,3.405071858546286,4.554791089208559,1.0,1.093476904627442,0.6433607640751798,0.8848129190288702,20,2
mango_instrument,inst18030,18030,CV+,0.1,2,18,2.370699405670166,702,0.8561253561253561,3.430191051053166,3.4298203577386106,4.377770614928116,1.0,1.093476904627442,0.6433607640751798,0.8848129190288702,20,2
mango_instrument,inst18030,18030,G-W-A,0.1,2,18,0.006758928298950195,702,0.9914529914529915,5.171309570958453,5.171309570958453,5.205356310261658,1.0,1.093476904627442,0.6433607640751798,0.8848129190288702,20,2
mango_instrument,inst18030,18030,GC-D,0.1,2,18,0.05723094940185547,702,0.9843304843304843,4.759958319064932,4.902399988855281,4.82341413583685,1.0,1.093476904627442,0.6433607640751798,0.8848129190288702,20,2
mango_instrument,inst18030,18030,HJ+,0.1,2,18,0.29114770889282227,702,1.0,6.413032210789479,6.403197880699866,6.413032210789479,1.0,1.093476904627442,0.6433607640751798,0.8848129190288702,20,2
mango_instrument,inst18030,18030,HCP-D,0.1,2,18,0.4844987392425537,702,1.0,11.073687752571125,11.129013400250209,11.073687752571125,1.0,1.093476904627442,0.6433607640751798,0.8848129190288702,20,2
mango_instrument,inst18030,18030,ORACLE,0.1,2,18,0.0007441043853759766,702,0.9002849002849003,3.685528406261744,3.685528406261743,4.3094822661282395,1.0,1.093476904627442,0.6433607640751798,0.8848129190288702,20,2
mango_instrument,inst18044,18044,SCP,0.1,2,12,1.1133368015289307,1066,0.8677298311444653,3.79569061669472,3.7956906166947206,5.409340207308146,1.0,1.2983659003082937,0.16085023527073058,1.2889684972122242,20,2
mango_instrument,inst18044,18044,CV+,0.1,2,12,5.1106672286987305,1066,0.8667917448405253,3.7222342853940624,3.7222782589902383,5.428442768383979,1.0,1.2983659003082937,0.16085023527073058,1.2889684972122242,20,2
mango_instrument,inst18044,18044,G-W-A,0.1,2,12,0.02316761016845703,1066,0.9380863039399625,4.752151344317795,4.752151344317795,5.510471726438629,1.0,1.2983659003082937,0.16085023527073058,1.2889684972122242,20,2
mango_instrument,inst18044,18044,GC-D,0.1,2,12,0.1961536407470703,1066,0.924953095684803,4.5409135812578985,4.533809198148116,5.404811350220741,1.0,1.2983659003082937,0.16085023527073058,1.2889684972122242,20,2
mango_instrument,inst18044,18044,HJ+,0.1,2,12,0.4390869140625,1066,0.9784240150093808,5.796644800488034,5.8010585921909446,6.000153979636466,1.0,1.2983659003082937,0.16085023527073058,1.2889684972122242,20,2
mango_instrument,inst18044,18044,HCP-D,0.1,2,12,0.5568978786468506,1066,1.0,30.6998455605454,30.66972985432802,30.6998455605454,1.0,1.2983659003082937,0.16085023527073058,1.2889684972122242,20,2
mango_instrument,inst18044,18044,ORACLE,0.1,2,12,0.005143165588378906,1066,0.8911819887429644,4.100179572190586,3.7648999884089775,5.503073398031396,1.0,1.2983659003082937,0.16085023527073058,1.2889684972122242,20,2
mango_instrument,inst30004,30004,SCP,0.1,2,17,0.7203624248504639,2864,0.5715782122905028,3.5710298858715395,3.571029885871539,11.745640492100287,1.0,1.9950392817440175,1.6016848690937127,1.1896560336270712,20,2
mango_instrument,inst30004,30004,CV+,0.1,2,17,3.5565972328186035,2864,0.5750698324022346,3.5799815609870467,3.579519403755116,11.67688057855552,1.0,1.9950392817440175,1.6016848690937127,1.1896560336270712,20,2
mango_instrument,inst30004,30004,G-W-A,0.1,2,17,0.008608818054199219,2864,0.7946927374301676,5.295569228124332,5.295569228124332,8.053936246647206,1.0,1.9950392817440175,1.6016848690937127,1.1896560336270712,20,2
mango_instrument,inst30004,30004,GC-D,0.1,2,17,0.10880923271179199,2864,0.9912709497206704,9.037774334823702,9.015599086378963,9.114743393035091,1.0,1.9950392817440175,1.6016848690937127,1.1896560336270712,20,2
mango_instrument,inst30004,30004,HJ+,0.1,2,17,0.654491662979126,2864,1.0,9.756986587838565,9.75845465206119,9.756986587838565,1.0,1.9950392817440175,1.6016848690937127,1.1896560336270712,20,2
mango_instrument,inst30004,30004,HCP-D,0.1,2,17,1.0716915130615234,2864,0.0,9.777770011552889,9.773968187950793,218.67750468576662,1.0,1.9950392817440175,1.6016848690937127,1.1896560336270712,20,2
mango_instrument,inst30004,30004,ORACLE,0.1,2,17,0.0018813610076904297,2864,0.9018854748603352,6.424858466065602,6.54151704862525,7.496594973211427,1.0,1.9950392817440175,1.6016848690937127,1.1896560336270712,20,2
