task,fold,group,method,alpha,seed,A,time_s,n,coverage,width_mean,width_median,interval_score,finite_frac,rmse,bias,sep,perturbation,level
mango_season_loso,season2015,2015,SCP,0.1,0,17,0.8151180744171143,15200,0.7813815789473684,3.3759842360622154,3.375984236062216,6.5219382728885975,1.0,1.3981508953792285,0.2900050099395109,1.3677887638228887,gain,0.02
mango_season_loso,season2015,2015,CV+,0.1,0,17,3.952254056930542,15200,0.7870394736842106,3.4141525625813887,3.413918637301803,6.496770183506173,1.0,1.3981508953792285,0.2900050099395109,1.3677887638228887,gain,0.02
mango_season_loso,season2015,2015,ASTM-R,0.1,0,17,0.0011174678802490234,15200,0.7964473684210527,3.4884048506335295,3.4883529202773973,6.416100872401985,1.0,1.3981508953792285,0.2900050099395109,1.3677887638228887,gain,0.02
mango_season_loso,season2015,2015,WCP,0.1,0,17,0.0490570068359375,15200,0.7950657894736842,3.4817374107539116,3.479978490014176,6.403477370506495,1.0,1.3981508953792285,0.2900050099395109,1.3677887638228887,gain,0.02
mango_season_loso,season2015,2015,G-W-A,0.1,0,17,0.010428905487060547,15200,0.891578947368421,4.47913587187866,4.479135871878661,5.894071303230345,1.0,1.3981508953792285,0.2900050099395109,1.3677887638228887,gain,0.02
mango_season_loso,season2015,2015,GC-D,0.1,0,17,0.12403583526611328,15200,0.8724342105263158,4.329648013140477,4.299290906748202,5.993585107038829,1.0,1.3981508953792285,0.2900050099395109,1.3677887638228887,gain,0.02
mango_season_loso,season2015,2015,ORACLE,0.1,0,17,0.005822658538818359,15200,0.8971052631578947,4.596322462672248,4.809670626433103,5.940492380266001,1.0,1.3981508953792285,0.2900050099395109,1.3677887638228887,gain,0.02
mango_season_loso,season2016,2016,SCP,0.1,0,12,0.7900583744049072,15310,0.9566949706074461,3.915842093936615,3.9158420939366145,4.356470654323939,1.0,1.049402811626618,-0.3362064432534819,0.994120736922679,gain,0.02
mango_season_loso,season2016,2016,CV+,0.1,0,12,4.034685134887695,15310,0.9448726322664925,3.8905319545800023,3.8899743164639826,4.442469248332919,1.0,1.049402811626618,-0.3362064432534819,0.994120736922679,gain,0.02
mango_season_loso,season2016,2016,ASTM-R,0.1,0,12,0.0010528564453125,15310,0.9478772044415414,3.9497390385031355,3.949625995862922,4.477278784697746,1.0,1.049402811626618,-0.3362064432534819,0.994120736922679,gain,0.02
mango_season_loso,season2016,2016,WCP,0.1,0,12,0.0300595760345459,15310,0.9483997387328543,3.7569268750434226,3.7563190038814156,4.272427790845539,1.0,1.049402811626618,-0.3362064432534819,0.994120736922679,gain,0.02
mango_season_loso,season2016,2016,G-W-A,0.1,0,12,0.011619329452514648,15310,0.9792292619203136,4.777527373186981,4.777527373186981,5.023722285313332,1.0,1.049402811626618,-0.3362064432534819,0.994120736922679,gain,0.02
mango_season_loso,season2016,2016,GC-D,0.1,0,12,0.13713741302490234,15310,0.9746570868713259,4.7781805248741875,4.51782891298382,4.939706279252658,1.0,1.049402811626618,-0.3362064432534819,0.994120736922679,gain,0.02
mango_season_loso,season2016,2016,ORACLE,0.1,0,12,0.006275177001953125,15310,0.8994774657086871,3.3358412876016685,3.2930522552740484,4.321950614170982,1.0,1.049402811626618,-0.3362064432534819,0.994120736922679,gain,0.02
mango_season_loso,season2017,2017,SCP,0.1,0,15,0.6128349304199219,27312,0.919083186877563,3.7324800257643456,3.732480025764346,4.472426998762509,1.0,1.0719639212572574,0.19398918481576466,1.054284374169502,gain,0.02
mango_season_loso,season2017,2017,CV+,0.1,0,15,4.121254205703735,27312,0.9265158172231986,3.8805371709269307,3.8733819535717844,4.535277875814737,1.0,1.0719639212572574,0.19398918481576466,1.054284374169502,gain,0.02
mango_season_loso,season2017,2017,ASTM-R,0.1,0,15,0.0010483264923095703,27312,0.9348271821909784,3.939975834481276,3.939825174545934,4.520496010666937,1.0,1.0719639212572574,0.19398918481576466,1.054284374169502,gain,0.02
mango_season_loso,season2017,2017,WCP,0.1,0,15,0.03952336311340332,27312,0.9076962507322789,3.5961057977906177,3.5960640456567248,4.453575463938817,1.0,1.0719639212572574,0.19398918481576466,1.054284374169502,gain,0.02
mango_season_loso,season2017,2017,G-W-A,0.1,0,15,0.008704185485839844,27312,0.9696470415934387,4.62476410920706,4.62476410920706,4.893642916152866,1.0,1.0719639212572574,0.19398918481576466,1.054284374169502,gain,0.02
mango_season_loso,season2017,2017,GC-D,0.1,0,15,0.09371304512023926,27312,0.9721367896895138,4.622964549162232,4.542629154922547,4.827143057440836,1.0,1.0719639212572574,0.19398918481576466,1.054284374169502,gain,0.02
mango_season_loso,season2017,2017,ORACLE,0.1,0,15,0.010550975799560547,27312,0.8999707088459286,3.502280431332385,3.515306049490974,4.438729739812279,1.0,1.0719639212572574,0.19398918481576466,1.054284374169502,gain,0.02
mango_season_loso,season2018,2018,SCP,0.1,0,16,0.7900092601776123,16133,0.7888179507841071,3.4424485578852457,3.442448557885246,7.622204968298595,1.0,1.5211697265895014,0.35815314729284087,1.4784516047655567,gain,0.02
mango_season_loso,season2018,2018,CV+,0.1,0,16,4.069441795349121,16133,0.8018347486518317,3.5519730559103975,3.5464017065352937,7.475872552743518,1.0,1.5211697265895014,0.35815314729284087,1.4784516047655567,gain,0.02
mango_season_loso,season2018,2018,ASTM-R,0.1,0,16,0.0010230541229248047,16133,0.8078472695716854,3.6155015118911624,3.6152050623009444,7.427600741841741,1.0,1.5211697265895014,0.35815314729284087,1.4784516047655567,gain,0.02
mango_season_loso,season2018,2018,WCP,0.1,0,16,0.04251241683959961,16133,0.8511746110456828,inf,4.094618599668038,inf,0.9978305336887126,1.5211697265895014,0.35815314729284087,1.4784516047655567,gain,0.02
mango_season_loso,season2018,2018,G-W-A,0.1,0,16,0.01069498062133789,16133,0.8787578255749086,4.539029871302756,4.5390298713027555,6.937206760927226,1.0,1.5211697265895014,0.35815314729284087,1.4784516047655567,gain,0.02
mango_season_loso,season2018,2018,GC-D,0.1,0,16,0.14112377166748047,16133,0.9181181429368376,4.894665225651896,4.763889688449581,6.268379626932879,1.0,1.5211697265895014,0.35815314729284087,1.4784516047655567,gain,0.02
mango_season_loso,season2018,2018,ORACLE,0.1,0,16,0.00675511360168457,16133,0.8973532511002293,4.9059698533185605,5.124119679444972,6.935652152641551,1.0,1.5211697265895014,0.35815314729284087,1.4784516047655567,gain,0.02
mango_season_loso,season2019,2019,SCP,0.1,0,12,0.9153261184692383,5604,0.7328693790149893,3.6021202519216504,3.602120251921651,9.299139249740252,1.0,1.8218428668926228,-0.7821151756495291,1.64556692066651,gain,0.02
mango_season_loso,season2019,2019,CV+,0.1,0,12,4.479220151901245,5604,0.729478943611706,3.5990154654024487,3.5982020310414464,9.53699887820019,1.0,1.8218428668926228,-0.7821151756495291,1.64556692066651,gain,0.02
mango_season_loso,season2019,2019,ASTM-R,0.1,0,12,0.0011591911315917969,5604,0.738401142041399,3.662842634662713,3.662659343163673,9.549778267206838,1.0,1.8218428668926228,-0.7821151756495291,1.64556692066651,gain,0.02
mango_season_loso,season2019,2019,WCP,0.1,0,12,0.02542281150817871,5604,0.7094932191291934,3.4049067770272847,3.4034514281900172,9.648075210523569,1.0,1.8218428668926228,-0.7821151756495291,1.64556692066651,gain,0.02
mango_season_loso,season2019,2019,G-W-A,0.1,0,12,0.012267589569091797,5604,0.7996074232690935,4.226662602114899,4.226662602114899,8.820594326430015,1.0,1.8218428668926228,-0.7821151756495291,1.64556692066651,gain,0.02
mango_season_loso,season2019,2019,GC-D,0.1,0,12,0.13872361183166504,5604,0.8072805139186295,4.329932264053377,4.09904221998483,6.860225786130035,1.0,1.8218428668926228,-0.7821151756495291,1.64556692066651,gain,0.02
mango_season_loso,season2019,2019,ORACLE,0.1,0,12,0.0026502609252929688,5604,0.8998929336188437,5.767199618622183,5.676077876658892,8.140233201309762,1.0,1.8218428668926228,-0.7821151756495291,1.64556692066651,gain,0.02
mango_season_loso,season2020,2020,SCP,0.1,0,13,1.0323517322540283,4452,0.8270440251572327,3.6039699400526004,3.6039699400526004,6.325712062838241,1.0,1.377898616251382,0.39413831565660784,1.3204738696821101,gain,0.02
mango_season_loso,season2020,2020,CV+,0.1,0,13,4.179007053375244,4452,0.8420934411500449,3.71497616219697,3.714882766224087,6.2142021319228675,1.0,1.377898616251382,0.39413831565660784,1.3204738696821101,gain,0.02
mango_season_loso,season2020,2020,ASTM-R,0.1,0,13,0.0011355876922607422,4452,0.8490566037735849,3.776493312420805,3.776467126877547,6.180588348489096,1.0,1.377898616251382,0.39413831565660784,1.3204738696821101,gain,0.02
mango_season_loso,season2020,2020,WCP,0.1,0,13,0.029026269912719727,4452,0.8814016172506739,4.218973342331045,4.217376492445581,6.0518040915158915,1.0,1.377898616251382,0.39413831565660784,1.3204738696821101,gain,0.02
mango_season_loso,season2020,2020,G-W-A,0.1,0,13,0.01234889030456543,4452,0.8980233602875113,4.488988825990798,4.488988825990798,6.00542665525544,1.0,1.377898616251382,0.39413831565660784,1.3204738696821101,gain,0.02
mango_season_loso,season2020,2020,GC-D,0.1,0,13,0.14117860794067383,4452,0.898921832884097,4.482412405253267,4.4731930785503735,6.096944124373405,1.0,1.377898616251382,0.39413831565660784,1.3204738696821101,gain,0.02
mango_season_loso,season2020,2020,ORACLE,0.1,0,13,0.002361297607421875,4452,0.8986972147349506,4.526604167613214,4.608232075771653,6.009812646668239,1.0,1.377898616251382,0.39413831565660784,1.3204738696821101,gain,0.02
mango_season_loso,season2021,2021,SCP,0.1,0,19,0.9644618034362793,1390,0.7294964028776978,3.5391737135377284,3.5391737135377284,6.861589399115128,1.0,1.4981129280141188,0.9224624223210742,1.1808507933437111,gain,0.02
mango_season_loso,season2021,2021,CV+,0.1,0,19,4.552186727523804,1390,0.720863309352518,3.546993364308154,3.5453928013843328,6.916413844467072,1.0,1.4981129280141188,0.9224624223210742,1.1808507933437111,gain,0.02
mango_season_loso,season2021,2021,ASTM-R,0.1,0,19,0.0011894702911376953,1390,0.7381294964028777,3.6169884054086925,3.616794481080041,6.794484671550016,1.0,1.4981129280141188,0.9224624223210742,1.1808507933437111,gain,0.02
mango_season_loso,season2021,2021,WCP,0.1,0,19,0.022132396697998047,1390,0.8812949640287769,4.726503279190534,4.719720063310925,5.826222107897643,1.0,1.4981129280141188,0.9224624223210742,1.1808507933437111,gain,0.02
mango_season_loso,season2021,2021,G-W-A,0.1,0,19,0.012303590774536133,1390,0.8474820143884892,4.415391337115725,4.415391337115725,5.962665036512205,1.0,1.4981129280141188,0.9224624223210742,1.1808507933437111,gain,0.02
mango_season_loso,season2021,2021,GC-D,0.1,0,19,0.15915417671203613,1390,0.8237410071942446,4.598435131702241,4.198039015499379,6.655933816545037,1.0,1.4981129280141188,0.9224624223210742,1.1808507933437111,gain,0.02
mango_season_loso,season2021,2021,ORACLE,0.1,0,19,0.0015552043914794922,1390,0.8913669064748202,4.9540776252131336,4.791097357109239,5.854081454493239,1.0,1.4981129280141188,0.9224624223210742,1.1808507933437111,gain,0.02
