task,fold,group,method,alpha,seed,A,time_s,n,coverage,width_mean,width_median,interval_score,finite_frac,rmse,bias,sep,variant
ossl_lucas_block,block0,0,SCP,0.1,0,21,1.0970542430877686,1550,0.9077419354838709,7.863078962079549,4.45692552152059,10.908127322633888,1.0,5.662407041208695,0.7616277910046932,5.612762349299303,A_offset=-4
ossl_lucas_block,block0,0,R-U-D,0.1,0,21,5.084103345870972,1550,0.8961290322580645,8.682426061440841,4.004419555590266,10.708731790819222,1.0,5.662407041208695,0.7616277910046932,5.612762349299303,A_offset=-4
ossl_lucas_block,block0,0,G-W-A,0.1,0,21,0.009817123413085938,1550,0.9270967741935484,8.380310438748129,4.762105254276247,10.830812021781275,1.0,5.662407041208695,0.7616277910046932,5.612762349299303,A_offset=-4
ossl_lucas_block,block0,0,GC-D,0.1,0,21,0.1047213077545166,1550,0.9064516129032258,8.909286108068281,4.105890066521569,10.80069845394672,1.0,5.662407041208695,0.7616277910046932,5.612762349299303,A_offset=-4
ossl_lucas_block,block1,1,SCP,0.1,0,21,1.90079665184021,788,0.9289340101522843,3.996402237087683,3.0638665844944537,6.21919052758907,1.0,4.055574174169625,-0.0462816588133147,4.057885703555623,A_offset=-4
ossl_lucas_block,block1,1,R-U-D,0.1,0,21,6.510449647903442,788,0.9416243654822335,4.281912752417975,3.1247193191833054,6.068665016099563,1.0,4.055574174169625,-0.0462816588133147,4.057885703555623,A_offset=-4
ossl_lucas_block,block1,1,G-W-A,0.1,0,21,0.006460428237915039,788,0.934010152284264,4.1713301702546355,3.181045683117624,6.354084032237498,1.0,4.055574174169625,-0.0462816588133147,4.057885703555623,A_offset=-4
ossl_lucas_block,block1,1,GC-D,0.1,0,21,0.15821123123168945,788,0.950507614213198,4.417414113669003,3.225378054788149,6.106250918773485,1.0,4.055574174169625,-0.0462816588133147,4.057885703555623,A_offset=-4
ossl_lucas_block,block2,2,SCP,0.1,0,21,0.9508266448974609,1769,0.8795929903900509,2.9896755344968264,2.6434299154936767,4.050785872850538,1.0,1.1168093726512378,0.044386597097023237,1.116242516699162,A_offset=-4
ossl_lucas_block,block2,2,R-U-D,0.1,0,21,4.504061222076416,1769,0.9253815715093273,3.476052770872709,2.887094130871027,4.096813242367051,1.0,1.1168093726512378,0.044386597097023237,1.116242516699162,A_offset=-4
ossl_lucas_block,block2,2,G-W-A,0.1,0,21,0.00478053092956543,1769,0.9044657998869418,3.1666057962516523,2.832274401315779,4.139081930042048,1.0,1.1168093726512378,0.044386597097023237,1.116242516699162,A_offset=-4
ossl_lucas_block,block2,2,GC-D,0.1,0,21,0.08624792098999023,1769,0.9355568117580554,3.7031603017371526,3.0177765121850877,4.201963839753213,1.0,1.1168093726512378,0.044386597097023237,1.116242516699162,A_offset=-4
ossl_lucas_block,block3,3,SCP,0.1,0,21,0.9630999565124512,1913,0.9560899111343439,3.2913329455617997,2.848351257747729,4.8993299517293165,1.0,1.4189660854108586,-0.42228648544025316,1.3550271866010561,A_offset=-4
ossl_lucas_block,block3,3,R-U-D,0.1,0,21,4.471655607223511,1913,0.9550444328280188,3.2000437919715914,2.729403424314785,4.800363861028526,1.0,1.4189660854108586,-0.42228648544025316,1.3550271866010561,A_offset=-4
ossl_lucas_block,block3,3,G-W-A,0.1,0,21,0.004898548126220703,1913,0.9618400418191323,3.492691035885304,3.0279460722743683,4.958848080675946,1.0,1.4189660854108586,-0.42228648544025316,1.3550271866010561,A_offset=-4
ossl_lucas_block,block3,3,GC-D,0.1,0,21,0.08625984191894531,1913,0.9566126502875065,3.290394248351025,2.8088000611690607,4.821013745806217,1.0,1.4189660854108586,-0.42228648544025316,1.3550271866010561,A_offset=-4
ossl_lucas_block,block4,4,SCP,0.1,0,21,0.9783790111541748,1488,0.8077956989247311,18.295795813029915,4.581804109356378,44.48757654116678,1.0,17.99147325213592,4.260271742763598,17.48567043945798,A_offset=-4
ossl_lucas_block,block4,4,R-U-D,0.1,0,21,4.50073766708374,1488,0.855510752688172,25.830280580445336,4.754824912526509,37.103998699609335,1.0,17.99147325213592,4.260271742763598,17.48567043945798,A_offset=-4
ossl_lucas_block,block4,4,G-W-A,0.1,0,21,0.0051059722900390625,1488,0.834005376344086,19.70504552638753,4.929428245453661,43.332460358834076,1.0,17.99147325213592,4.260271742763598,17.48567043945798,A_offset=-4
ossl_lucas_block,block4,4,GC-D,0.1,0,21,0.09551358222961426,1488,0.864247311827957,26.392353000174907,4.881040268463653,37.03094641378886,1.0,17.99147325213592,4.260271742763598,17.48567043945798,A_offset=-4
ossl_lucas_block,block5,5,SCP,0.1,0,21,1.0548186302185059,710,0.9014084507042254,3.0774432508226313,2.717074554785497,4.67749772589874,1.0,1.267579872351955,-0.3900516980703013,1.2069258691349156,A_offset=-4
ossl_lucas_block,block5,5,R-U-D,0.1,0,21,4.795803785324097,710,0.9211267605633803,3.3591839666443706,2.968772142360924,4.730857794685651,1.0,1.267579872351955,-0.3900516980703013,1.2069258691349156,A_offset=-4
ossl_lucas_block,block5,5,G-W-A,0.1,0,21,0.004834413528442383,710,0.9154929577464789,3.2238821304290166,2.840227266666811,4.637275999520971,1.0,1.267579872351955,-0.3900516980703013,1.2069258691349156,A_offset=-4
ossl_lucas_block,block5,5,GC-D,0.1,0,21,0.09605574607849121,710,0.928169014084507,3.445850628298661,3.044354241280299,4.72189560900326,1.0,1.267579872351955,-0.3900516980703013,1.2069258691349156,A_offset=-4
ossl_lucas_block,block6,6,SCP,0.1,0,21,0.9872565269470215,1617,0.8070500927643784,13.95910553168449,5.412873852409406,31.74391258398725,1.0,11.753902931612918,-0.5239649895722136,11.745851029568176,A_offset=-4
ossl_lucas_block,block6,6,R-U-D,0.1,0,21,4.594492673873901,1617,0.8157081014223871,17.42808256469665,5.166876163962049,30.92719605280825,1.0,11.753902931612918,-0.5239649895722136,11.745851029568176,A_offset=-4
ossl_lucas_block,block6,6,G-W-A,0.1,0,21,0.0054662227630615234,1617,0.8317872603586889,14.870063582647298,5.719994248320349,31.221301723060197,1.0,11.753902931612918,-0.5239649895722136,11.745851029568176,A_offset=-4
ossl_lucas_block,block6,6,GC-D,0.1,0,21,0.09364151954650879,1617,0.8293135435992579,17.924409715679744,5.3258688634677975,30.678866502325185,1.0,11.753902931612918,-0.5239649895722136,11.745851029568176,A_offset=-4
ossl_lucas_block,block7,7,SCP,0.1,0,21,0.9621269702911377,985,0.9147208121827411,4.615443172638955,4.069003751811007,10.169149004151052,1.0,3.148223944191874,-0.7471409098701682,3.059836538261775,A_offset=-4
ossl_lucas_block,block7,7,R-U-D,0.1,0,21,4.659987926483154,985,0.9035532994923858,4.658058294438476,3.9366895642707087,10.28266890489049,1.0,3.148223944191874,-0.7471409098701682,3.059836538261775,A_offset=-4
ossl_lucas_block,block7,7,G-W-A,0.1,0,21,0.00515437126159668,985,0.9299492385786802,4.955270941802345,4.355585738702361,10.122524403636369,1.0,3.148223944191874,-0.7471409098701682,3.059836538261775,A_offset=-4
ossl_lucas_block,block7,7,GC-D,0.1,0,21,0.08989143371582031,985,0.9065989847715736,4.795454376639538,4.054378024795828,10.233672007278987,1.0,3.148223944191874,-0.7471409098701682,3.059836538261775,A_offset=-4
ossl_lucas_block,block8,8,SCP,0.1,0,21,1.024956226348877,840,0.9761904761904762,3.3899609168644593,2.9883274718795967,4.565204146228,1.0,1.3400424523104741,-0.44151410182024,1.2659727614136413,A_offset=-4
ossl_lucas_block,block8,8,R-U-D,0.1,0,21,5.170978784561157,840,0.9785714285714285,3.3993018281275558,2.8724776859689585,4.104828267243441,1.0,1.3400424523104741,-0.44151410182024,1.2659727614136413,A_offset=-4
ossl_lucas_block,block8,8,G-W-A,0.1,0,21,0.004917621612548828,840,0.9761904761904762,3.5313044032003367,3.1044018193674177,4.655986563010741,1.0,1.3400424523104741,-0.44151410182024,1.2659727614136413,A_offset=-4
ossl_lucas_block,block8,8,GC-D,0.1,0,21,0.08929204940795898,840,0.9785714285714285,3.515195196421038,2.9696550961033994,4.161281105066004,1.0,1.3400424523104741,-0.44151410182024,1.2659727614136413,A_offset=-4
ossl_lucas_block,block9,9,SCP,0.1,0,21,1.03281569480896,1453,0.8719889883000688,4.259455365903108,3.4304767231470743,8.143683342549341,1.0,2.5570773186778752,0.21273267605094706,2.5490902795667765,A_offset=-4
ossl_lucas_block,block9,9,R-U-D,0.1,0,21,4.905176877975464,1453,0.8155540261527874,4.01072418260686,3.016945196915436,7.944484932391145,1.0,2.5570773186778752,0.21273267605094706,2.5490902795667765,A_offset=-4
ossl_lucas_block,block9,9,G-W-A,0.1,0,21,0.0051343441009521484,1453,0.887130075705437,4.556548701902993,3.664213842500883,7.983502475647095,1.0,2.5570773186778752,0.21273267605094706,2.5490902795667765,A_offset=-4
ossl_lucas_block,block9,9,GC-D,0.1,0,21,0.0900578498840332,1453,0.8293186510667584,4.133996192568165,3.115843929124316,7.865642633197962,1.0,2.5570773186778752,0.21273267605094706,2.5490902795667765,A_offset=-4
ossl_lucas_block,block10,10,SCP,0.1,0,21,1.0050761699676514,1460,0.9273972602739726,3.4619279147714455,3.208125738334392,4.715427927048786,1.0,1.3354347052812625,-0.142815921467128,1.3282310865643494,A_offset=-4
ossl_lucas_block,block10,10,R-U-D,0.1,0,21,4.524877071380615,1460,0.9171232876712329,3.3707484637337437,3.079988879449748,4.562240028447751,1.0,1.3354347052812625,-0.142815921467128,1.3282310865643494,A_offset=-4
ossl_lucas_block,block10,10,G-W-A,0.1,0,21,0.0050525665283203125,1460,0.934931506849315,3.711188828354252,3.433892372878602,4.79396896300862,1.0,1.3354347052812625,-0.142815921467128,1.3282310865643494,A_offset=-4
ossl_lucas_block,block10,10,GC-D,0.1,0,21,0.08814501762390137,1460,0.9232876712328767,3.4693898603918942,3.168178200055382,4.571284141028541,1.0,1.3354347052812625,-0.142815921467128,1.3282310865643494,A_offset=-4
ossl_lucas_block,block11,11,SCP,0.1,0,21,1.2284595966339111,501,0.8562874251497006,15.091178302104025,6.625874916947543,47.689206194548426,1.0,20.44461938922404,0.965079021192475,20.442240254482776,A_offset=-4
ossl_lucas_block,block11,11,R-U-D,0.1,0,21,6.49538779258728,501,0.8802395209580839,19.81343072238083,7.085345574879032,41.72724420539815,1.0,20.44461938922404,0.965079021192475,20.442240254482776,A_offset=-4
ossl_lucas_block,block11,11,G-W-A,0.1,0,21,0.005333900451660156,501,0.8702594810379242,16.33706612618774,7.118555973604522,47.76688104490996,1.0,20.44461938922404,0.965079021192475,20.442240254482776,A_offset=-4
ossl_lucas_block,block11,11,GC-D,0.1,0,21,0.09420490264892578,501,0.8822355289421158,20.274432255028724,7.288952395336174,41.39358083653671,1.0,20.44461938922404,0.965079021192475,20.442240254482776,A_offset=-4
ossl_lucas_block,block12,12,SCP,0.1,0,21,1.1322438716888428,1313,0.7562833206397562,16.938068892076753,5.922816719009042,37.92623138487556,1.0,13.95764179674963,1.1502531211397093,13.915464830980333,A_offset=-4
ossl_lucas_block,block12,12,R-U-D,0.1,0,21,4.781749725341797,1313,0.7806549885757806,21.45976780536229,5.805498031889227,34.86918984355589,1.0,13.95764179674963,1.1502531211397093,13.915464830980333,A_offset=-4
ossl_lucas_block,block12,12,G-W-A,0.1,0,21,0.005110740661621094,1313,0.7806549885757806,17.847279450904445,6.249479256815385,37.09808340948141,1.0,13.95764179674963,1.1502531211397093,13.915464830980333,A_offset=-4
ossl_lucas_block,block12,12,GC-D,0.1,0,21,0.09461569786071777,1313,0.7966488956587966,22.113297848167978,5.970780864168248,34.57352620546644,1.0,13.95764179674963,1.1502531211397093,13.915464830980333,A_offset=-4
ossl_lucas_block,block13,13,SCP,0.1,0,21,1.0366096496582031,997,0.9067201604814443,3.371930280318378,3.0287950401862416,4.654438948225301,1.0,1.3261447738424157,-0.06560016218351414,1.3251860179234136,A_offset=-4
ossl_lucas_block,block13,13,R-U-D,0.1,0,21,7.707457780838013,997,0.9568706118355065,3.9163984545432506,3.3730044142269224,4.3696462820227575,1.0,1.3261447738424157,-0.06560016218351414,1.3251860179234136,A_offset=-4
ossl_lucas_block,block13,13,G-W-A,0.1,0,21,0.009717226028442383,997,0.9267803410230692,3.5546174641542545,3.239440267241778,4.53464041524577,1.0,1.3261447738424157,-0.06560016218351414,1.3251860179234136,A_offset=-4
ossl_lucas_block,block13,13,GC-D,0.1,0,21,0.23170757293701172,997,0.9598796389167502,4.018263777142513,3.465248686875618,4.43372551669844,1.0,1.3261447738424157,-0.06560016218351414,1.3251860179234136,A_offset=-4
ossl_lucas_block,block14,14,SCP,0.1,0,21,1.2012920379638672,1612,0.7766749379652605,9.158683043642586,5.649601328824656,23.574558138658926,1.0,7.046408565264792,-1.1800913741751997,6.949044114508773,A_offset=-4
ossl_lucas_block,block14,14,R-U-D,0.1,0,21,7.373158931732178,1612,0.7735732009925558,10.12538810051607,5.348391979103967,22.325340760007464,1.0,7.046408565264792,-1.1800913741751997,6.949044114508773,A_offset=-4
ossl_lucas_block,block14,14,G-W-A,0.1,0,21,0.004912853240966797,1612,0.8064516129032258,9.757154195090477,6.017634735130495,22.35283900665873,1.0,7.046408565264792,-1.1800913741751997,6.949044114508773,A_offset=-4
ossl_lucas_block,block14,14,GC-D,0.1,0,21,0.0905294418334961,1612,0.7841191066997518,10.424310174151872,5.539777689223955,21.91279504424912,1.0,7.046408565264792,-1.1800913741751997,6.949044114508773,A_offset=-4
ossl_lucas_block,block15,15,SCP,0.1,0,21,1.3463523387908936,2120,0.9452830188679245,3.6373306566411774,3.113589790330493,4.2937683972238005,1.0,1.1537806581213093,-0.023566884199707032,1.1538121044637946,A_offset=-4
ossl_lucas_block,block15,15,R-U-D,0.1,0,21,6.879284620285034,2120,0.9570754716981132,3.88704851586237,3.2148918188515068,4.4019389366420345,1.0,1.1537806581213093,-0.023566884199707032,1.1538121044637946,A_offset=-4
ossl_lucas_block,block15,15,G-W-A,0.1,0,21,0.004855155944824219,2120,0.9561320754716981,3.8733213049134467,3.3137727662981797,4.402345066033384,1.0,1.1537806581213093,-0.023566884199707032,1.1538121044637946,A_offset=-4
ossl_lucas_block,block15,15,GC-D,0.1,0,21,0.1777186393737793,2120,0.9627358490566038,4.061736553943648,3.330701850236455,4.521724622522,1.0,1.1537806581213093,-0.023566884199707032,1.1538121044637946,A_offset=-4
ossl_lucas_block,block16,16,SCP,0.1,0,21,2.0142922401428223,1326,0.9404223227752639,3.5958052472829305,3.0911877074586886,6.241299408690141,1.0,1.983484553955007,-0.4374721812366734,1.9353691748800856,A_offset=-4
ossl_lucas_block,block16,16,R-U-D,0.1,0,21,8.484484434127808,1326,0.9260935143288085,3.3403503030942203,2.776691007350369,6.185626439149905,1.0,1.983484553955007,-0.4374721812366734,1.9353691748800856,A_offset=-4
ossl_lucas_block,block16,16,G-W-A,0.1,0,21,0.009042024612426758,1326,0.9487179487179487,3.774084567830252,3.244405334627883,6.1593705593664225,1.0,1.983484553955007,-0.4374721812366734,1.9353691748800856,A_offset=-4
ossl_lucas_block,block16,16,GC-D,0.1,0,21,0.1129755973815918,1326,0.9351432880844646,3.45157582901572,2.8736037035536155,6.1409561140967766,1.0,1.983484553955007,-0.4374721812366734,1.9353691748800856,A_offset=-4
ossl_lucas_block,block17,17,SCP,0.1,0,21,1.9740948677062988,535,0.7869158878504673,7.338857232273313,5.12393688695791,33.662195986912536,1.0,8.176130622049175,-2.599895325393986,7.7590066175998285,A_offset=-4
ossl_lucas_block,block17,17,R-U-D,0.1,0,21,7.195380210876465,535,0.7794392523364486,7.659605063302985,4.836738582025779,32.75667600753211,1.0,8.176130622049175,-2.599895325393986,7.7590066175998285,A_offset=-4
ossl_lucas_block,block17,17,G-W-A,0.1,0,21,0.0050678253173828125,535,0.7962616822429907,7.66062131828413,5.309510866760148,32.7362516185829,1.0,8.176130622049175,-2.599895325393986,7.7590066175998285,A_offset=-4
ossl_lucas_block,block17,17,GC-D,0.1,0,21,0.09360146522521973,535,0.7813084112149533,7.783008247294689,4.92332468131666,32.4525389127255,1.0,8.176130622049175,-2.599895325393986,7.7590066175998285,A_offset=-4
ossl_lucas_block,block18,18,SCP,0.1,0,20,1.4357552528381348,2650,0.8920754716981132,4.005644447490518,3.227203473286055,6.373460407568812,1.0,1.8447728415943052,-0.020421746068484847,1.8450079507086958,A_offset=-4
ossl_lucas_block,block18,18,R-U-D,0.1,0,20,7.692466974258423,2650,0.9226415094339623,4.46207260886864,3.4337648036488893,6.232237573319037,1.0,1.8447728415943052,-0.020421746068484847,1.8450079507086958,A_offset=-4
ossl_lucas_block,block18,18,G-W-A,0.1,0,20,0.0132293701171875,2650,0.910188679245283,4.242049662859283,3.3992746296775147,6.333256599216964,1.0,1.8447728415943052,-0.020421746068484847,1.8450079507086958,A_offset=-4
ossl_lucas_block,block18,18,GC-D,0.1,0,20,0.1778731346130371,2650,0.929811320754717,4.555621871046242,3.5062205585576596,6.2502790264075125,1.0,1.8447728415943052,-0.020421746068484847,1.8450079507086958,A_offset=-4
ossl_lucas_block,block19,19,SCP,0.1,0,21,2.0015816688537598,1216,0.8856907894736842,3.060233258444861,2.711019476096701,4.436308733385599,1.0,1.1459332957280108,0.14298165299264162,1.1374459687041159,A_offset=-4
ossl_lucas_block,block19,19,R-U-D,0.1,0,21,9.014923810958862,1216,0.9095394736842105,3.419888276480363,2.9652108959657983,4.530032061307814,1.0,1.1459332957280108,0.14298165299264162,1.1374459687041159,A_offset=-4
ossl_lucas_block,block19,19,G-W-A,0.1,0,21,0.005004167556762695,1216,0.9046052631578947,3.2549387238472796,2.8868949566685327,4.449836711376916,1.0,1.1459332957280108,0.14298165299264162,1.1374459687041159,A_offset=-4
ossl_lucas_block,block19,19,GC-D,0.1,0,21,0.14266395568847656,1216,0.915296052631579,3.504597981946818,3.041310554983398,4.544389470179821,1.0,1.1459332957280108,0.14298165299264162,1.1374459687041159,A_offset=-4
ossl_lucas_block,block20,20,SCP,0.1,0,21,1.5119199752807617,1326,0.8846153846153846,5.063085597908968,3.9292665263295543,11.370275181920803,1.0,3.518896665456009,-1.62432807727256,3.122746571007821,A_offset=-4
ossl_lucas_block,block20,20,R-U-D,0.1,0,21,7.966888427734375,1326,0.8914027149321267,5.218564807821274,3.914394388974951,10.874520050908213,1.0,3.518896665456009,-1.62432807727256,3.122746571007821,A_offset=-4
ossl_lucas_block,block20,20,G-W-A,0.1,0,21,0.009083986282348633,1326,0.9019607843137255,5.380083239195935,4.19427535711222,10.862212129801238,1.0,3.518896665456009,-1.62432807727256,3.122746571007821,A_offset=-4
ossl_lucas_block,block20,20,GC-D,0.1,0,21,0.19195985794067383,1326,0.8981900452488688,5.357872369269561,4.031950676755694,10.707314313391155,1.0,3.518896665456009,-1.62432807727256,3.122746571007821,A_offset=-4
ossl_lucas_block,block21,21,SCP,0.1,0,21,1.7954509258270264,835,0.9760479041916168,3.074615447468955,2.8594816172097812,3.242287078142644,1.0,0.6226574707515184,-0.06530287930233517,0.6195947203319336,A_offset=-4
ossl_lucas_block,block21,21,R-U-D,0.1,0,21,7.206786632537842,835,0.9868263473053892,3.0679307819982045,2.7213591020264865,3.1306661762939245,1.0,0.6226574707515184,-0.06530287930233517,0.6195947203319336,A_offset=-4
ossl_lucas_block,block21,21,G-W-A,0.1,0,21,0.005087375640869141,835,0.9796407185628743,3.2483276628218554,3.015572886172976,3.3837568873440396,1.0,0.6226574707515184,-0.06530287930233517,0.6195947203319336,A_offset=-4
ossl_lucas_block,block21,21,GC-D,0.1,0,21,0.09205126762390137,835,0.9868263473053892,3.1727121246590415,2.8187197031537004,3.225501063257667,1.0,0.6226574707515184,-0.06530287930233517,0.6195947203319336,A_offset=-4
ossl_lucas_block,block22,22,SCP,0.1,0,21,1.6420912742614746,1396,0.8273638968481375,11.687302867538559,5.707744082344277,24.143537583222795,1.0,9.350006578456114,-0.954169020340204,9.304525802031044,A_offset=-4
ossl_lucas_block,block22,22,R-U-D,0.1,0,21,7.331586122512817,1396,0.835243553008596,13.499402401527844,5.666659011855662,23.422259144778348,1.0,9.350006578456114,-0.954169020340204,9.304525802031044,A_offset=-4
ossl_lucas_block,block22,22,G-W-A,0.1,0,21,0.0048618316650390625,1396,0.8488538681948424,12.244576778347783,5.992737982514472,23.404943852004095,1.0,9.350006578456114,-0.954169020340204,9.304525802031044,A_offset=-4
ossl_lucas_block,block22,22,GC-D,0.1,0,21,0.11797118186950684,1396,0.8452722063037249,13.843497449173816,5.839055271239893,23.11039314417861,1.0,9.350006578456114,-0.954169020340204,9.304525802031044,A_offset=-4
ossl_lucas_block,block23,23,SCP,0.1,0,21,1.6116480827331543,1694,0.7910271546635183,5.104353081329526,3.8888297884224663,12.974906439397714,1.0,3.6959150925757016,-0.36406503426807885,3.679026382853519,A_offset=-4
ossl_lucas_block,block23,23,R-U-D,0.1,0,21,6.7619547843933105,1694,0.768595041322314,5.217346440644508,3.641376699125969,12.743237569002357,1.0,3.6959150925757016,-0.36406503426807885,3.679026382853519,A_offset=-4
ossl_lucas_block,block23,23,G-W-A,0.1,0,21,0.004853487014770508,1694,0.8170011806375442,5.48367308946493,4.1657642064713905,12.438144500361444,1.0,3.6959150925757016,-0.36406503426807885,3.679026382853519,A_offset=-4
ossl_lucas_block,block23,23,GC-D,0.1,0,21,0.1836695671081543,1694,0.78099173553719,5.382425109008231,3.774711884755009,12.493172410535543,1.0,3.6959150925757016,-0.36406503426807885,3.679026382853519,A_offset=-4
ossl_lucas_block,block24,24,SCP,0.1,0,21,1.4891681671142578,2104,0.936787072243346,4.948969164947572,4.000289159005645,7.2350758988682395,1.0,2.539199256578644,-0.4022096892288558,2.507737861047258,A_offset=-4
ossl_lucas_block,block24,24,R-U-D,0.1,0,21,6.721439599990845,2104,0.9486692015209125,5.241590523294671,4.089696954266143,7.064168188048106,1.0,2.539199256578644,-0.4022096892288558,2.507737861047258,A_offset=-4
ossl_lucas_block,block24,24,G-W-A,0.1,0,21,0.004895448684692383,2104,0.9491444866920152,5.282373145851388,4.285729204356782,7.293820550407912,1.0,2.539199256578644,-0.4022096892288558,2.507737861047258,A_offset=-4
ossl_lucas_block,block24,24,GC-D,0.1,0,21,0.17954730987548828,2104,0.9548479087452472,5.383304214371266,4.202740655753129,7.103062986075943,1.0,2.539199256578644,-0.4022096892288558,2.507737861047258,A_offset=-4
ossl_lucas_block,block25,25,SCP,0.1,0,19,1.250807285308838,76,0.8421052631578947,3.03732011396276,2.938025094395459,4.302107792120606,1.0,0.9418266112636664,0.5895667144988421,0.7393518113212195,A_offset=-4
ossl_lucas_block,block25,25,R-U-D,0.1,0,19,7.022549390792847,76,0.881578947368421,3.856162501879701,3.779872401300723,4.564403243491539,1.0,0.9418266112636664,0.5895667144988421,0.7393518113212195,A_offset=-4
ossl_lucas_block,block25,25,G-W-A,0.1,0,19,0.005369663238525391,76,0.8289473684210527,3.2423434028561844,3.1391280469157303,4.4465513270191535,1.0,0.9418266112636664,0.5895667144988421,0.7393518113212195,A_offset=-4
ossl_lucas_block,block25,25,GC-D,0.1,0,19,0.08934187889099121,76,0.881578947368421,3.993910291141018,3.9066741917360686,4.6163443712139705,1.0,0.9418266112636664,0.5895667144988421,0.7393518113212195,A_offset=-4
ossl_lucas_block,block26,26,SCP,0.1,0,21,1.8965415954589844,1855,0.8555256064690027,4.184484786233988,3.3639483492792603,7.270308611317832,1.0,2.6660387767743208,0.5237078481466512,2.614799927270176,A_offset=-4
ossl_lucas_block,block26,26,R-U-D,0.1,0,21,7.445466756820679,1855,0.7638814016172507,3.957475444253968,2.8940859450223377,7.11596059833498,1.0,2.6660387767743208,0.5237078481466512,2.614799927270176,A_offset=-4
ossl_lucas_block,block26,26,G-W-A,0.1,0,21,0.004954338073730469,1855,0.8733153638814016,4.394573988902015,3.519651194173165,7.202584482154497,1.0,2.6660387767743208,0.5237078481466512,2.614799927270176,A_offset=-4
ossl_lucas_block,block26,26,GC-D,0.1,0,21,0.08552432060241699,1855,0.7735849056603774,4.038160381527734,2.951420104051627,7.048375215916535,1.0,2.6660387767743208,0.5237078481466512,2.614799927270176,A_offset=-4
ossl_lucas_block,block27,27,SCP,0.1,0,21,2.1192519664764404,1311,0.9481311975591151,4.1613912978654115,3.386214657318876,6.413693300133688,1.0,2.057970357024343,-0.6269244086706243,1.9609030468738529,A_offset=-4
ossl_lucas_block,block27,27,R-U-D,0.1,0,21,7.567971706390381,1311,0.9496567505720824,4.043680883057019,3.1972356267456243,6.014314306205112,1.0,2.057970357024343,-0.6269244086706243,1.9609030468738529,A_offset=-4
ossl_lucas_block,block27,27,G-W-A,0.1,0,21,0.013064861297607422,1311,0.9534706331045004,4.423736460924425,3.598191679240077,6.3659788397123,1.0,2.057970357024343,-0.6269244086706243,1.9609030468738529,A_offset=-4
ossl_lucas_block,block27,27,GC-D,0.1,0,21,0.0991370677947998,1311,0.9557589626239512,4.1717614847676145,3.3005763396141674,6.021998094815547,1.0,2.057970357024343,-0.6269244086706243,1.9609030468738529,A_offset=-4
ossl_lucas_block,block28,28,SCP,0.1,0,21,1.216782808303833,1635,0.9516819571865444,4.018329769273595,3.364975495925567,5.881784131622145,1.0,3.845793755831907,-0.013982079631211678,3.846944954260667,A_offset=-4
ossl_lucas_block,block28,28,R-U-D,0.1,0,21,6.334271669387817,1635,0.9559633027522936,4.033221735961221,3.217999860133487,5.589211957619402,1.0,3.845793755831907,-0.013982079631211678,3.846944954260667,A_offset=-4
ossl_lucas_block,block28,28,G-W-A,0.1,0,21,0.007081270217895508,1635,0.9553516819571866,4.204394102763279,3.5116853674319914,5.973931754522664,1.0,3.845793755831907,-0.013982079631211678,3.846944954260667,A_offset=-4
ossl_lucas_block,block28,28,GC-D,0.1,0,21,0.08599710464477539,1635,0.9590214067278288,4.136304063411805,3.3021108048989434,5.632619127422193,1.0,3.845793755831907,-0.013982079631211678,3.846944954260667,A_offset=-4
ossl_lucas_block,block29,29,SCP,0.1,0,21,1.6886351108551025,1100,0.9509090909090909,4.214507759442673,3.337492195172005,6.385205734152612,1.0,1.980491023727296,-0.4288451870415648,1.9343831501749706,A_offset=-4
ossl_lucas_block,block29,29,R-U-D,0.1,0,21,7.151730060577393,1100,0.9509090909090909,4.352248579669519,3.2561524016363586,5.9652982433118895,1.0,1.980491023727296,-0.4288451870415648,1.9343831501749706,A_offset=-4
ossl_lucas_block,block29,29,G-W-A,0.1,0,21,0.004972934722900391,1100,0.9554545454545454,4.372020335294741,3.482023642887412,6.241775433048694,1.0,1.980491023727296,-0.4288451870415648,1.9343831501749706,A_offset=-4
ossl_lucas_block,block29,29,GC-D,0.1,0,21,0.09284496307373047,1100,0.9572727272727273,4.510641946497494,3.3762555231868996,6.000406250534872,1.0,1.980491023727296,-0.4288451870415648,1.9343831501749706,A_offset=-4
