task,fold,group,method,alpha,seed,A,time_s,n,coverage,width_mean,width_median,interval_score,finite_frac,rmse,bias,sep,frac,rep
mango_season_loso,season2015,2015,SCP,0.1,2,19,0.07741475105285645,15200,0.7480263157894737,3.3054247959151413,3.3054247959151404,7.0109845224964165,1.0,1.4584519997592333,0.12892701552975208,1.4527900452095974,0.1,2
mango_season_loso,season2015,2015,CV+,0.1,2,19,1.2405509948730469,15200,0.7542763157894737,3.368597102550354,3.3669411127468285,6.944985220046646,1.0,1.4584519997592333,0.12892701552975208,1.4527900452095974,0.1,2
mango_season_loso,season2015,2015,ASTM-R,0.1,2,19,0.0003781318664550781,15200,0.7650657894736842,3.4485748236713065,3.4481097768724123,6.842746898667023,1.0,1.4584519997592333,0.12892701552975208,1.4527900452095974,0.1,2
mango_season_loso,season2015,2015,G-W-A,0.1,2,19,0.0011773109436035156,15200,0.8741447368421053,4.436197189962752,4.436197189962751,6.0813507458305756,1.0,1.4584519997592333,0.12892701552975208,1.4527900452095974,0.1,2
mango_season_loso,season2015,2015,GC-D,0.1,2,19,0.0144805908203125,15200,0.8542763157894737,4.250891476346308,4.201386301077772,6.187161597662558,1.0,1.4584519997592333,0.12892701552975208,1.4527900452095974,0.1,2
mango_season_loso,season2015,2015,ORACLE,0.1,2,19,0.010027885437011719,15200,0.8957236842105263,4.762260319384611,5.069470241173702,6.1530238963791914,1.0,1.4584519997592333,0.12892701552975208,1.4527900452095974,0.1,2
mango_season_loso,season2016,2016,SCP,0.1,2,10,0.15854835510253906,15310,0.949967341606793,4.133581735436188,4.133581735436188,4.567711369744109,1.0,1.0304540931892499,-0.3365350668848297,0.9739824172734411,0.1,2
mango_season_loso,season2016,2016,CV+,0.1,2,10,1.2856814861297607,15310,0.9629653821032005,4.2716792764375935,4.24769342620372,4.572681367035719,1.0,1.0304540931892499,-0.3365350668848297,0.9739824172734411,0.1,2
mango_season_loso,season2016,2016,ASTM-R,0.1,2,10,0.00041365623474121094,15310,0.964467668190725,4.287273596268899,4.286284610393348,4.594816459333874,1.0,1.0304540931892499,-0.3365350668848297,0.9739824172734411,0.1,2
mango_season_loso,season2016,2016,G-W-A,0.1,2,10,0.0053081512451171875,15310,0.9862834748530372,5.096073832224348,5.096073832224349,5.219964735981622,1.0,1.0304540931892499,-0.3365350668848297,0.9739824172734411,0.1,2
mango_season_loso,season2016,2016,GC-D,0.1,2,10,0.029356002807617188,15310,0.9845199216198564,5.065784904448419,4.879464189462778,5.166494805362766,1.0,1.0304540931892499,-0.3365350668848297,0.9739824172734411,0.1,2
mango_season_loso,season2016,2016,ORACLE,0.1,2,10,0.014448404312133789,15310,0.9001959503592424,3.372435465104827,3.359553670479267,4.264477062788782,1.0,1.0304540931892499,-0.3365350668848297,0.9739824172734411,0.1,2
mango_season_loso,season2017,2017,SCP,0.1,2,16,0.13676905632019043,27312,0.9326669595782073,4.051086158076409,4.051086158076409,4.6601968738570925,1.0,1.112495283761059,0.30922385815826314,1.0686758992112642,0.1,2
mango_season_loso,season2017,2017,CV+,0.1,2,16,1.7014715671539307,27312,0.9218292325717633,3.868972927250867,3.8653863112578852,4.5740017059581,1.0,1.112495283761059,0.30922385815826314,1.0686758992112642,0.1,2
mango_season_loso,season2017,2017,ASTM-R,0.1,2,16,0.00042057037353515625,27312,0.9279803749267721,3.954500014475244,3.953028697535796,4.603791092086113,1.0,1.112495283761059,0.30922385815826314,1.0686758992112642,0.1,2
mango_season_loso,season2017,2017,G-W-A,0.1,2,16,0.005178928375244141,27312,0.9888327475102519,5.600915690658957,5.600915690658958,5.69716395226217,1.0,1.112495283761059,0.30922385815826314,1.0686758992112642,0.1,2
mango_season_loso,season2017,2017,GC-D,0.1,2,16,0.024620532989501953,27312,0.9853544229642648,5.378745727734088,5.2214929663950915,5.490388550599207,1.0,1.112495283761059,0.30922385815826314,1.0686758992112642,0.1,2
mango_season_loso,season2017,2017,ORACLE,0.1,2,16,0.023301124572753906,27312,0.9001171646162859,3.612215373059283,3.6064462649720443,4.556384697799276,1.0,1.112495283761059,0.30922385815826314,1.0686758992112642,0.1,2
mango_season_loso,season2018,2018,SCP,0.1,2,20,0.18137431144714355,16133,0.8002851298580549,3.6017648623967777,3.6017648623967773,7.013899797477285,1.0,1.5731118305413352,0.39499660226178535,1.5227613883902928,0.1,2
mango_season_loso,season2018,2018,CV+,0.1,2,20,1.2998707294464111,16133,0.765511684125705,3.4476488360208553,3.4394101772186367,7.949149318766031,1.0,1.5731118305413352,0.39499660226178535,1.5227613883902928,0.1,2
mango_season_loso,season2018,2018,ASTM-R,0.1,2,20,0.0004980564117431641,16133,0.7668753486642286,3.4648095911938026,3.461545770714814,7.929844188667558,1.0,1.5731118305413352,0.39499660226178535,1.5227613883902928,0.1,2
mango_season_loso,season2018,2018,G-W-A,0.1,2,20,0.0012743473052978516,16133,0.8622078968573731,4.511159205439367,4.511159205439366,7.099114119885548,1.0,1.5731118305413352,0.39499660226178535,1.5227613883902928,0.1,2
mango_season_loso,season2018,2018,GC-D,0.1,2,20,0.01707911491394043,16133,0.9088204301741771,4.943989962646691,4.82976519743476,6.37660122467613,1.0,1.5731118305413352,0.39499660226178535,1.5227613883902928,0.1,2
mango_season_loso,season2018,2018,ORACLE,0.1,2,20,0.009540319442749023,16133,0.8994607326597657,5.172447648169092,5.138249149189775,6.9792691725881655,1.0,1.5731118305413352,0.39499660226178535,1.5227613883902928,0.1,2
mango_season_loso,season2019,2019,SCP,0.1,2,12,0.06214404106140137,5604,0.7414346895074947,3.796552179923136,3.796552179923136,9.072824097396726,1.0,1.806918438324611,-0.8012518506222209,1.6196968382150858,0.1,2
mango_season_loso,season2019,2019,CV+,0.1,2,12,0.6445906162261963,5604,0.7275160599571735,3.651850554632894,3.6483735436228146,9.301578256302976,1.0,1.806918438324611,-0.8012518506222209,1.6196968382150858,0.1,2
mango_season_loso,season2019,2019,ASTM-R,0.1,2,12,0.00037097930908203125,5604,0.7353675945753033,3.714203307787318,3.7121980377703547,9.23965024372656,1.0,1.806918438324611,-0.8012518506222209,1.6196968382150858,0.1,2
mango_season_loso,season2019,2019,G-W-A,0.1,2,12,0.0012278556823730469,5604,0.7924696645253391,4.182945341463679,4.182945341463679,8.62155434613158,1.0,1.806918438324611,-0.8012518506222209,1.6196968382150858,0.1,2
mango_season_loso,season2019,2019,GC-D,0.1,2,12,0.031126976013183594,5604,0.7851534618129907,4.177337286327642,4.085054250568032,7.708846751472114,1.0,1.806918438324611,-0.8012518506222209,1.6196968382150858,0.1,2
mango_season_loso,season2019,2019,ORACLE,0.1,2,12,0.006783008575439453,5604,0.9011420413990007,5.706552117230229,5.716921350660906,7.921974374969873,1.0,1.806918438324611,-0.8012518506222209,1.6196968382150858,0.1,2
mango_season_loso,season2020,2020,SCP,0.1,2,12,0.16019487380981445,4452,0.8591644204851752,3.805812992764103,3.8058129927641033,6.0466727256106445,1.0,1.3479416980758234,0.30181941642459587,1.3138643788557247,0.1,2
mango_season_loso,season2020,2020,CV+,0.1,2,12,0.7761275768280029,4452,0.8519766397124887,3.740746109596007,3.73813542102904,6.036330470133166,1.0,1.3479416980758234,0.30181941642459587,1.3138643788557247,0.1,2
mango_season_loso,season2020,2020,ASTM-R,0.1,2,12,0.00033855438232421875,4452,0.8557951482479784,3.742870438345833,3.742552070300304,6.024780762974367,1.0,1.3479416980758234,0.30181941642459587,1.3138643788557247,0.1,2
mango_season_loso,season2020,2020,G-W-A,0.1,2,12,0.0012750625610351562,4452,0.8946540880503144,4.282212961843558,4.282212961843559,5.901860712633503,1.0,1.3479416980758234,0.30181941642459587,1.3138643788557247,0.1,2
mango_season_loso,season2020,2020,GC-D,0.1,2,12,0.03177905082702637,4452,0.8917340521114105,4.157156037535657,4.162082624845208,5.983436287758568,1.0,1.3479416980758234,0.30181941642459587,1.3138643788557247,0.1,2
mango_season_loso,season2020,2020,ORACLE,0.1,2,12,0.00758671760559082,4452,0.8998203054806828,4.387168991144097,4.410527361268876,5.899754872976506,1.0,1.3479416980758234,0.30181941642459587,1.3138643788557247,0.1,2
mango_season_loso,season2021,2021,SCP,0.1,2,19,0.06396603584289551,1390,0.7474820143884892,3.644083795697114,3.6440837956971137,6.733651274513892,1.0,1.497261545164013,0.878254771189128,1.2130619681271797,0.1,2
mango_season_loso,season2021,2021,CV+,0.1,2,19,0.6293232440948486,1390,0.7467625899280576,3.567543427730769,3.563949543885225,6.757197497008072,1.0,1.497261545164013,0.878254771189128,1.2130619681271797,0.1,2
mango_season_loso,season2021,2021,ASTM-R,0.1,2,19,0.0003306865692138672,1390,0.7510791366906475,3.6121386007552987,3.610811800498997,6.687060111906965,1.0,1.497261545164013,0.878254771189128,1.2130619681271797,0.1,2
mango_season_loso,season2021,2021,G-W-A,0.1,2,19,0.0013110637664794922,1390,0.8661870503597122,4.478198954983032,4.478198954983032,5.9256815492294095,1.0,1.497261545164013,0.878254771189128,1.2130619681271797,0.1,2
mango_season_loso,season2021,2021,GC-D,0.1,2,19,0.015958309173583984,1390,0.8388489208633093,4.502102425328646,4.2240688843555585,6.489815723084286,1.0,1.497261545164013,0.878254771189128,1.2130619681271797,0.1,2
mango_season_loso,season2021,2021,ORACLE,0.1,2,19,0.0010323524475097656,1390,0.8884892086330936,4.848911083928651,4.514045323558491,6.0007043308080865,1.0,1.497261545164013,0.878254771189128,1.2130619681271797,0.1,2
