property,test_instrument,rmsep,bias,sd_reference,cqr_width,marginal_90_range
moisture,m5,0.9312314987182617,0.893263578414917,0.38036494613309924,1.2315386533737183,1.1849500000000006
moisture,mp5,0.3452383577823639,-0.1482781022787094,0.38036494613309924,1.2400541305541992,1.1849500000000006
moisture,mp6,0.3131254017353058,0.01797068677842617,0.38036494613309924,1.39888334274292,1.1849500000000006
oil,m5,0.15323957800865173,-0.0714062824845314,0.17704712193672043,0.5337510704994202,0.5672999999999999
oil,mp5,0.17306576669216156,0.04688853770494461,0.17704712193672043,0.5896612405776978,0.5672999999999999
oil,mp6,0.17168046534061432,0.06684964895248413,0.17704712193672043,0.5718532800674438,0.5672999999999999
protein,m5,0.4555039703845978,0.40799713134765625,0.49861304851748384,1.2147349119186401,1.583149999999999
protein,mp5,0.398311972618103,0.07429766654968262,0.49861304851748384,1.486156940460205,1.583149999999999
protein,mp6,0.3039213716983795,-0.1259993016719818,0.49861304851748384,1.4062395095825195,1.583149999999999
starch,m5,1.3149129152297974,-1.262644648551941,0.8207344595936966,2.1205735206604004,2.556999999999995
starch,mp5,0.8286983370780945,0.12087291479110718,0.8207344595936966,2.6212193965911865,2.556999999999995
starch,mp6,0.6828349828720093,0.18580853939056396,0.8207344595936966,2.359184503555298,2.556999999999995
