method,group,coverage,bias,sep,medQr,width,n,task
ASTM-R,2015,0.8002631578947368,0.21214275,1.364925,1.1834931,18.421368,15200,mango_season_loso
ASTM-R,2016,0.946962769431744,-0.35233966,0.991393,1.0385339,16.831394,15310,mango_season_loso
ASTM-R,2017,0.9371338605741066,0.15203957,1.0566957,1.0658903,17.924183,27312,mango_season_loso
ASTM-R,2018,0.8106365834004835,0.2793976,1.469621,1.6598105,18.617403,16133,mango_season_loso
ASTM-R,2019,0.7334047109207709,-0.82303166,1.6367532,1.2132506,16.84426,5604,mango_season_loso
ASTM-R,2020,0.8522012578616353,0.35183465,1.3182888,1.3050292,17.134703,4452,mango_season_loso
ASTM-R,2021,0.7517985611510791,0.85568655,1.1825364,1.5711825,17.651064,1390,mango_season_loso
BAG,2015,0.8013815789473684,0.21214275,1.364925,1.1834931,18.426764,15200,mango_season_loso
BAG,2016,0.9504245591116917,-0.35233966,0.991393,1.0385339,16.836514,15310,mango_season_loso
BAG,2017,0.9314220855301699,0.15203957,1.0566957,1.0658903,17.960155,27312,mango_season_loso
BAG,2018,0.8100787206347239,0.2793976,1.469621,1.6598105,18.62508,16133,mango_season_loso
BAG,2019,0.7316202712348323,-0.82303166,1.6367532,1.2132506,16.84554,5604,mango_season_loso
BAG,2020,0.8528751123090745,0.35183465,1.3182888,1.3050292,17.146976,4452,mango_season_loso
BAG,2021,0.7553956834532374,0.85568655,1.1825364,1.5711825,17.649212,1390,mango_season_loso
CQR,2015,0.7689473684210526,0.21214275,1.364925,1.1834931,18.208923,15200,mango_season_loso
CQR,2016,0.8882429784454605,-0.35233966,0.991393,1.0385339,16.742601,15310,mango_season_loso
CQR,2017,0.8647847100175747,0.15203957,1.0566957,1.0658903,17.773502,27312,mango_season_loso
CQR,2018,0.8439843798425587,0.2793976,1.469621,1.6598105,18.361774,16133,mango_season_loso
CQR,2019,0.6943254817987152,-0.82303166,1.6367532,1.2132506,16.822845,5604,mango_season_loso
CQR,2020,0.7646001796945193,0.35183465,1.3182888,1.3050292,16.942955,4452,mango_season_loso
CQR,2021,0.6633093525179856,0.85568655,1.1825364,1.5711825,17.68126,1390,mango_season_loso
CV+,2015,0.7919078947368421,0.21214275,1.364925,1.1834931,18.385288,15200,mango_season_loso
CV+,2016,0.9439581972566949,-0.35233966,0.991393,1.0385339,16.80328,15310,mango_season_loso
CV+,2017,0.9282000585823081,0.15203957,1.0566957,1.0658903,17.934704,27312,mango_season_loso
CV+,2018,0.804004214963119,0.2793976,1.469621,1.6598105,18.58661,16133,mango_season_loso
CV+,2019,0.7251962883654532,-0.82303166,1.6367532,1.2132506,16.81969,5604,mango_season_loso
CV+,2020,0.8479335130278527,0.35183465,1.3182888,1.3050292,17.104074,4452,mango_season_loso
CV+,2021,0.7410071942446043,0.85568655,1.1825364,1.5711825,17.615515,1390,mango_season_loso
G-W-A,2015,0.8971052631578947,0.21214275,1.364925,1.1834931,18.916737,15200,mango_season_loso
G-W-A,2016,0.9789679947746571,-0.35233966,0.991393,1.0385339,17.245295,15310,mango_season_loso
G-W-A,2017,0.9703060925600469,0.15203957,1.0566957,1.0658903,18.266592,27312,mango_season_loso
G-W-A,2018,0.8846463769912601,0.2793976,1.469621,1.6598105,19.079184,16133,mango_season_loso
G-W-A,2019,0.795146324054247,-0.82303166,1.6367532,1.2132506,17.126179,5604,mango_season_loso
G-W-A,2020,0.9022911051212938,0.35183465,1.3182888,1.3050292,17.49096,4452,mango_season_loso
G-W-A,2021,0.8633093525179856,0.85568655,1.1825364,1.5711825,18.050278,1390,mango_season_loso
GC-D,2015,0.8764473684210526,0.21214275,1.364925,1.1834931,18.820572,15200,mango_season_loso
GC-D,2016,0.970476812540823,-0.35233966,0.991393,1.0385339,17.210201,15310,mango_season_loso
GC-D,2017,0.971843878148799,0.15203957,1.0566957,1.0658903,18.242657,27312,mango_season_loso
GC-D,2018,0.9196057769788633,0.2793976,1.469621,1.6598105,19.239471,16133,mango_season_loso
GC-D,2019,0.7980014275517487,-0.82303166,1.6367532,1.2132506,17.146215,5604,mango_season_loso
GC-D,2020,0.8984725965858041,0.35183465,1.3182888,1.3050292,17.44606,4452,mango_season_loso
GC-D,2021,0.8330935251798561,0.85568655,1.1825364,1.5711825,18.10956,1390,mango_season_loso
GPR,2015,0.8035526315789474,0.21214275,1.364925,1.1834931,18.413794,15200,mango_season_loso
GPR,2016,0.9140431090790333,-0.35233966,0.991393,1.0385339,16.754028,15310,mango_season_loso
GPR,2017,0.9057557117750439,0.15203957,1.0566957,1.0658903,17.69815,27312,mango_season_loso
GPR,2018,0.8332610177896238,0.2793976,1.469621,1.6598105,18.610878,16133,mango_season_loso
GPR,2019,0.6759457530335474,-0.82303166,1.6367532,1.2132506,16.66091,5604,mango_season_loso
GPR,2020,0.8261455525606469,0.35183465,1.3182888,1.3050292,16.857355,4452,mango_season_loso
GPR,2021,0.7273381294964029,0.85568655,1.1825364,1.5711825,17.475754,1390,mango_season_loso
ORACLE,2015,0.8973026315789474,0.21214275,1.364925,1.1834931,18.93625,15200,mango_season_loso
ORACLE,2016,0.8994121489222731,-0.35233966,0.991393,1.0385339,16.52974,15310,mango_season_loso
ORACLE,2017,0.9007029876977153,0.15203957,1.0566957,1.0658903,17.701044,27312,mango_season_loso
ORACLE,2018,0.8982210376247444,0.2793976,1.469621,1.6598105,19.22232,16133,mango_season_loso
ORACLE,2019,0.8993576017130621,-0.82303166,1.6367532,1.2132506,17.913979,5604,mango_season_loso
ORACLE,2020,0.8998203054806828,0.35183465,1.3182888,1.3050292,17.470144,4452,mango_season_loso
ORACLE,2021,0.8942446043165467,0.85568655,1.1825364,1.5711825,18.253027,1390,mango_season_loso
SCP,2015,0.78625,0.21214275,1.364925,1.1834931,18.352058,15200,mango_season_loso
SCP,2016,0.9560418027433051,-0.35233966,0.991393,1.0385339,16.864965,15310,mango_season_loso
SCP,2017,0.9210603397773872,0.15203957,1.0566957,1.0658903,17.819407,27312,mango_season_loso
SCP,2018,0.7912973408541499,0.2793976,1.469621,1.6598105,18.525398,16133,mango_season_loso
SCP,2019,0.7300142755174875,-0.82303166,1.6367532,1.2132506,16.850712,5604,mango_season_loso
SCP,2020,0.8319856244384546,0.35183465,1.3182888,1.3050292,17.044575,4452,mango_season_loso
SCP,2021,0.7453237410071942,0.85568655,1.1825364,1.5711825,17.589773,1390,mango_season_loso
WCP,2015,0.8057236842105263,0.21214275,1.364925,1.1834931,18.433657,15200,mango_season_loso
WCP,2016,0.9501632919660352,-0.35233966,0.991393,1.0385339,16.81609,15310,mango_season_loso
WCP,2017,0.9090509666080844,0.15203957,1.0566957,1.0658903,17.752293,27312,mango_season_loso
WCP,2018,0.87999752060993,0.2793976,1.469621,1.6598105,inf,16133,mango_season_loso
WCP,2019,0.7118129907209136,-0.82303166,1.6367532,1.2132506,16.78096,5604,mango_season_loso
WCP,2020,0.8766846361185984,0.35183465,1.3182888,1.3050292,17.306908,4452,mango_season_loso
WCP,2021,0.9129496402877698,0.85568655,1.1825364,1.5711825,18.331573,1390,mango_season_loso
