task,comparator,n_groups,IS_median_diff,IS_r_rb,IS_p,covgap_median_diff,covgap_r_rb,covgap_p,IS_p_holm,covgap_p_holm
corn_moisture,ASTM-G,30,0.14726902271297582,0.35053763440860214,0.09367559653193051,0.0,0.6862745098039216,0.010986328125,0.562053579191583,0.06103515625
corn_moisture,ASTM-R,30,0.15941979385771,0.32903225806451614,0.11560818762398352,0.0,0.5672514619883041,0.03423309326171875,0.5780409381199176,0.0684661865234375
corn_moisture,BAG,30,0.41374951444981134,0.6860215053763441,0.0010356813035458734,0.04999999999999993,0.7142857142857143,0.00365447998046875,0.011392494339004609,0.0335693359375
corn_moisture,CQR,30,0.8422771828361613,0.7763440860215054,0.0002051529226187778,0.275,0.8953846153846153,1.233816146850586e-05,0.0026669879940441114,0.0002467632293701172
corn_moisture,CV+,30,0.14613889269818348,0.3935483870967742,0.05983560139134924,0.0,0.7017543859649122,0.0076904296875,0.4188492097394447,0.06103515625
corn_moisture,G-U-A,30,0.08632449814902277,0.3032258064516129,0.1470395786434527,0.0,0.7426470588235294,0.00762939453125,0.5881583145738108,0.06103515625
corn_moisture,G-U-D,30,0.0,0.0,1.0,0.0,0.0,1.0,1.0,1.0
corn_moisture,G-W-A,30,0.08632449814902277,0.3032258064516129,0.1470395786434527,0.0,0.7426470588235294,0.00762939453125,0.5881583145738108,0.06103515625
corn_moisture,GC-D+,30,-999999997.6264548,-1.0,1.7343976283205784e-06,0.20000000000000007,0.7471264367816092,0.00042561506937452187,3.468795256641157e-05,0.0072354561793668715
corn_moisture,GPR,30,0.8390261451743433,0.7677419354838709,0.00024117961055875132,0.09999999999999998,0.9209486166007905,2.0503997802734375e-05,0.0028941553267050157,0.0003895759582519531
corn_moisture,HCP-A,30,-999999997.6264548,-1.0,1.7343976283205784e-06,0.20000000000000007,0.7471264367816092,0.00042561506937452187,3.468795256641157e-05,0.0072354561793668715
corn_moisture,HCP-D,30,-999999997.6264548,-1.0,1.7343976283205784e-06,0.20000000000000007,0.7471264367816092,0.00042561506937452187,3.468795256641157e-05,0.0072354561793668715
corn_moisture,HJ+,30,-999999997.6264548,-1.0,1.7343976283205784e-06,0.20000000000000007,0.7471264367816092,0.00042561506937452187,3.468795256641157e-05,0.0072354561793668715
corn_moisture,HJ+-D,30,-999999997.6264548,-1.0,1.7343976283205784e-06,0.20000000000000007,0.7471264367816092,0.00042561506937452187,3.468795256641157e-05,0.0072354561793668715
corn_moisture,NCP-kNN,30,0.2350758541849085,0.432258064516129,0.038723026479358956,0.0,0.6263157894736842,0.015972137451171875,0.30978421183487165,0.06103515625
corn_moisture,QGB,30,0.771098853530799,0.8021505376344086,0.00012505680433316804,0.14999999999999997,0.6773399014778325,0.0017308908470039905,0.0017507952606643526,0.020770690164047888
corn_moisture,R-U-A,30,0.04554326431376121,0.2172043010752688,0.29894375201959067,0.0,0.6601307189542484,0.0149993896484375,0.5978875040391813,0.06103515625
corn_moisture,R-U-D,30,0.2808957520864407,0.5440860215053763,0.0092710251720259,0.0,0.7941176470588235,0.00335693359375,0.09271025172025898,0.0335693359375
corn_moisture,SCP,30,0.20932489810346744,0.4666666666666667,0.025637124030657623,0.04999999999999999,0.7333333333333333,0.002712249755859375,0.2307341162759186,0.029834747314453125
corn_moisture,WCP,30,-999999989.8396666,-0.8494623655913979,4.8602606066772885e-05,0.2750000000000001,0.8359788359788359,0.00013951511287766026,0.0007290390910015933,0.002511272031797885
corn_oil,ASTM-G,30,0.01412669667931754,0.17849462365591398,0.3933343721992797,0.050000000000000044,0.5612535612535613,0.012079657883393992,1.0,0.12225867404863969
corn_oil,ASTM-R,30,0.009729400248285724,0.1827956989247312,0.38203416302245696,0.025000000000000022,0.38746438746438744,0.0836187908518733,1.0,0.3439107008138218
corn_oil,BAG,30,0.015073184955927271,0.24301075268817204,0.24519030932096386,0.04999999999999999,0.5466666666666666,0.017870306968688965,1.0,0.12509214878082275
corn_oil,CQR,30,0.09947625287253581,0.45376344086021503,0.03000989131308078,0.09999999999999998,0.7671957671957672,0.0004854434030486952,0.4201384783831309,0.009223424657925208
corn_oil,CV+,30,-0.00392434841410888,0.16129032258064516,0.4405215911492053,0.04999999999999999,0.4074074074074074,0.06878214016276436,1.0,0.3439107008138218
corn_oil,G-U-A,30,0.02283369157160231,0.14408602150537633,0.49079849348995086,0.07500000000000001,0.5811965811965812,0.009404513388356898,1.0,0.12225867404863969
corn_oil,G-U-D,30,0.0,0.0,1.0,0.0,0.0,1.0,1.0,1.0
corn_oil,G-W-A,30,0.02283369157160231,0.14408602150537633,0.49079849348995086,0.07500000000000001,0.5811965811965812,0.009404513388356898,1.0,0.12225867404863969
corn_oil,GC-D+,30,-999999999.28445,-1.0,1.7343976283205784e-06,0.025000000000000022,0.6837944664031621,0.0036711692810058594,3.468795256641157e-05,0.06608104705810547
corn_oil,GPR,30,0.010074231296599179,0.3161290322580645,0.1305916349444668,0.07500000000000001,0.5584045584045584,0.012565446977777894,1.0,0.12225867404863969
corn_oil,HCP-A,30,-999999999.28445,-1.0,1.7343976283205784e-06,0.025000000000000022,0.6837944664031621,0.0036711692810058594,3.468795256641157e-05,0.06608104705810547
corn_oil,HCP-D,30,-999999999.28445,-1.0,1.7343976283205784e-06,0.025000000000000022,0.6837944664031621,0.0036711692810058594,3.468795256641157e-05,0.06608104705810547
corn_oil,HJ+,30,-999999999.28445,-1.0,1.7343976283205784e-06,0.025000000000000022,0.6837944664031621,0.0036711692810058594,3.468795256641157e-05,0.06608104705810547
corn_oil,HJ+-D,30,-999999999.28445,-1.0,1.7343976283205784e-06,0.025000000000000022,0.6837944664031621,0.0036711692810058594,3.468795256641157e-05,0.06608104705810547
corn_oil,NCP-kNN,30,-0.05281913808845609,-0.2731182795698925,0.1915221065809437,0.09999999999999998,0.542528735632184,0.010628694029343218,1.0,0.12225867404863969
corn_oil,QGB,30,-0.07237093999916311,-0.3118279569892473,0.13590778549641166,-0.07500000000000001,-0.5026455026455027,0.022326527352842396,1.0,0.13395916411705439
corn_oil,R-U-A,30,0.003817463058337911,0.14408602150537633,0.49079849348995086,0.025000000000000022,0.41333333333333333,0.07872927188873291,1.0,0.3439107008138218
corn_oil,R-U-D,30,0.041219922190648184,0.4064516129032258,0.051930665029697155,0.04999999999999993,0.5666666666666667,0.013779282569885254,0.675098645386063,0.12225867404863969
corn_oil,SCP,30,-0.0368771635882614,-0.24301075268817204,0.24519030932096386,0.04999999999999999,0.38095238095238093,0.08330912902656476,1.0,0.3439107008138218
corn_oil,WCP,30,-999999999.2380726,-0.9741935483870968,3.181679410969855e-06,0.09999999999999998,0.7863247863247863,0.00044855328855656555,4.772519116454782e-05,0.008971065771131312
corn_protein,ASTM-G,30,0.11476200026455197,0.23010752688172043,0.27115519770883223,0.0,0.02766798418972332,0.9239659309387207,1.0,1.0
corn_protein,ASTM-R,30,0.11601425845868951,0.14408602150537633,0.49079849348995086,0.0,-0.03968253968253968,0.8568776325347895,1.0,1.0
corn_protein,BAG,30,0.15825806486049787,0.24301075268817204,0.24519030932096386,5.551115123125783e-17,0.12169312169312169,0.579938739265417,1.0,1.0
corn_protein,CQR,30,0.33344735279697135,0.5741935483870968,0.006035006473812041,0.10000000000000009,0.8184615384615385,0.00012022256851196289,0.08449009063336857,0.002404451370239258
corn_protein,CV+,30,0.0775459102095023,0.14838709677419354,0.47794743855272326,0.0,-0.002849002849002849,0.9898589472057139,1.0,1.0
corn_protein,G-U-A,30,0.0867555171520571,0.06666666666666667,0.7498711559507313,0.0,-0.12333333333333334,0.6230943202972412,1.0,1.0
corn_protein,G-U-D,30,0.0,0.0,1.0,0.0,0.0,1.0,1.0,1.0
corn_protein,G-W-A,30,0.0867555171520571,0.06666666666666667,0.7498711559507313,0.0,-0.12333333333333334,0.6230943202972412,1.0,1.0
corn_protein,GC-D+,30,-999999998.06323,-1.0,1.7343976283205784e-06,0.050000000000000044,0.7608695652173914,0.0007376670837402344,3.468795256641157e-05,0.013278007507324219
corn_protein,GPR,30,0.24775824181837464,0.5612903225806452,0.007271049691046206,0.04999999999999999,0.28774928774928776,0.19854369170960884,0.09452364598360068,1.0
corn_protein,HCP-A,30,-999999998.06323,-1.0,1.7343976283205784e-06,0.050000000000000044,0.7608695652173914,0.0007376670837402344,3.468795256641157e-05,0.013278007507324219
corn_protein,HCP-D,30,-999999998.06323,-1.0,1.7343976283205784e-06,0.050000000000000044,0.7608695652173914,0.0007376670837402344,3.468795256641157e-05,0.013278007507324219
corn_protein,HJ+,30,-999999998.06323,-1.0,1.7343976283205784e-06,0.050000000000000044,0.7608695652173914,0.0007376670837402344,3.468795256641157e-05,0.013278007507324219
corn_protein,HJ+-D,30,-999999998.06323,-1.0,1.7343976283205784e-06,0.050000000000000044,0.7608695652173914,0.0007376670837402344,3.468795256641157e-05,0.013278007507324219
corn_protein,NCP-kNN,30,0.028006751373625405,-0.07526881720430108,0.7188875621362669,5.551115123125783e-17,-0.07407407407407407,0.7364054517244994,1.0,1.0
corn_protein,QGB,30,0.10429620469552592,0.3333333333333333,0.11092566512553104,0.05000000000000002,0.2566137566137566,0.2430982621635036,1.0,1.0
corn_protein,R-U-A,30,0.08862910995097639,0.010752688172043012,0.958990172136891,0.0,-0.12169312169312169,0.5800346985334541,1.0,1.0
corn_protein,R-U-D,30,0.17517863432643,0.24731182795698925,0.2369361866168309,0.0,0.07666666666666666,0.7682963609695435,1.0,1.0
corn_protein,SCP,30,0.10338637926997074,0.015053763440860216,0.9426105124576512,0.0,-0.0873015873015873,0.6916107184350869,1.0,1.0
corn_protein,WCP,30,-999999997.9340668,-0.9870967741935484,2.3534209951215346e-06,0.050000000000000044,0.7777777777777778,0.0005018732438521114,3.530131492682302e-05,0.009535591633190116
corn_starch,ASTM-G,30,0.4457903805629979,0.3720430107526882,0.0752133122154768,0.0,0.11428571428571428,0.6742229461669922,0.8273464343702447,1.0
corn_starch,ASTM-R,30,0.34951867450148244,0.23870967741935484,0.25364409754600126,0.0,0.08300395256916997,0.7502379417419434,1.0,1.0
corn_starch,BAG,30,0.6356713126931255,0.6043010752688172,0.003854236286879128,0.04999999999999993,0.6376811594202898,0.006032705307006836,0.050105071729428664,0.10858869552612305
corn_starch,CQR,30,0.8406962143358119,0.7032258064516129,0.0007712173652095513,0.05000000000000002,0.717948717948718,0.0013370129860561042,0.010797043112933719,0.026740259721122085
corn_starch,CV+,30,0.2342332081172891,0.16129032258064516,0.4405215911492053,5.551115123125783e-17,0.013333333333333334,0.9664472341537476,1.0,1.0
corn_starch,G-U-A,30,0.42249724217890505,0.27741935483870966,0.18462187723062606,0.0,0.1368421052631579,0.6225624084472656,1.0,1.0
corn_starch,G-U-D,30,0.0,0.0,1.0,0.0,0.0,1.0,1.0,1.0
corn_starch,G-W-A,30,0.42249724217890505,0.27741935483870966,0.18462187723062606,0.0,0.1368421052631579,0.6225624084472656,1.0,1.0
corn_starch,GC-D+,30,-999999995.4968727,-1.0,1.7343976283205784e-06,0.0,0.40217391304347827,0.09798812866210938,3.468795256641157e-05,1.0
corn_starch,GPR,30,0.45511229824141086,0.2172043010752688,0.29894375201959067,0.0,-0.15333333333333332,0.5270590782165527,1.0,1.0
corn_starch,HCP-A,30,-999999995.4968727,-1.0,1.7343976283205784e-06,0.0,0.40217391304347827,0.09798812866210938,3.468795256641157e-05,1.0
corn_starch,HCP-D,30,-999999995.4968727,-1.0,1.7343976283205784e-06,0.0,0.40217391304347827,0.09798812866210938,3.468795256641157e-05,1.0
corn_starch,HJ+,30,-999999995.4968727,-1.0,1.7343976283205784e-06,0.0,0.40217391304347827,0.09798812866210938,3.468795256641157e-05,1.0
corn_starch,HJ+-D,30,-999999995.4968727,-1.0,1.7343976283205784e-06,0.0,0.40217391304347827,0.09798812866210938,3.468795256641157e-05,1.0
corn_starch,NCP-kNN,30,0.401286732964206,0.07956989247311828,0.7035636998700077,0.04999999999999993,0.06403940886699508,0.7664277829065075,1.0,1.0
corn_starch,QGB,30,0.27023229237268254,0.3204301075268817,0.12543823902980825,-0.025000000000000078,-0.05291005291005291,0.8097252978529001,1.0,1.0
corn_starch,R-U-A,30,0.3504039272019257,0.0967741935483871,0.6435165948165775,0.0,0.03666666666666667,0.899570107460022,1.0,1.0
corn_starch,R-U-D,30,0.5541415253765523,0.45376344086021503,0.03000989131308078,0.0,0.06842105263157895,0.8287849426269531,0.36011869575696936,1.0
corn_starch,SCP,30,0.2056222857901473,0.023655913978494623,0.9099307681587345,0.0,-0.08666666666666667,0.7257407903671265,1.0,1.0
corn_starch,WCP,30,-999999994.460622,-0.9397849462365592,6.983783147477089e-06,0.050000000000000044,0.6466666666666666,0.00433504581451416,0.00010475674721215634,0.08236587047576904
mango_instrument,ASTM-G,24,-0.116910467053712,-0.36666666666666664,0.12084019184112549,-0.0014498311958551224,-0.02,0.944107174873352,1.0,1.0
mango_instrument,ASTM-R,24,-0.07301918876705438,-0.3,0.20761656761169434,-0.01225768716577541,-0.44666666666666666,0.05642664432525635,1.0,0.6771197319030762
mango_instrument,BAG,24,-0.06539807176564061,-0.30666666666666664,0.19737839698791504,-0.011901737967914439,-0.43333333333333335,0.06464934349060059,1.0,0.7111427783966064
mango_instrument,CQR,24,-0.8548486048574699,-0.6733333333333333,0.002814650535583496,-0.04124797242497974,-0.6466666666666666,0.00433504581451416,0.04221975803375244,0.07803082466125488
mango_instrument,CV+,24,-0.10153928029775994,-0.38,0.10738253593444824,-0.017947860962566897,-0.48,0.03948163986206055,1.0,0.5922245979309082
mango_instrument,G-U-A,24,-0.025166213960855277,-0.20666666666666667,0.3902466297149658,0.002855928044405376,0.07333333333333333,0.7682963609695435,1.0,1.0
mango_instrument,G-U-D,24,-0.0320735021478038,0.0,1.0,-0.0014044124248137613,-0.2,0.40611207485198975,1.0,1.0
mango_instrument,G-W-A,24,-0.053688444251693834,-0.2733333333333333,0.2522493600845337,0.0020535818010500306,0.08,0.746925950050354,1.0,1.0
mango_instrument,GC-D+,24,-0.13213212759555093,-0.26666666666666666,0.26434290409088135,-0.010336782383015275,0.16,0.5087660551071167,1.0,1.0
mango_instrument,GPR,24,-0.5411247553712886,-0.5533333333333333,0.016406655311584473,-0.06862651975683887,-0.6133333333333333,0.007189035415649414,0.22969317436218262,0.12221360206604004
mango_instrument,HCP-A,24,-6.991307951286929,-1.0,1.1920928955078125e-07,-0.03525761795543897,-0.56,0.015044927597045898,2.384185791015625e-06,0.24071884155273438
mango_instrument,HCP-D,24,-4.419007870706774,-1.0,1.1920928955078125e-07,-0.01764871651198513,-0.2733333333333333,0.2522493600845337,2.384185791015625e-06,1.0
mango_instrument,HJ+,24,-0.24070178528444197,-0.28,0.2405325174331665,-0.011903417371028902,-0.15333333333333332,0.5270590782165527,1.0,1.0
mango_instrument,HJ+-D,24,-0.15327724484731498,-0.31333333333333335,0.18750131130218506,-0.012635937344108561,-0.04,0.8774070739746094,1.0,1.0
mango_instrument,NCP-kNN,24,-0.726078690696232,-0.8533333333333334,6.389617919921875e-05,-0.057377713900308325,-0.6733333333333333,0.002814650535583496,0.0010862350463867188,0.053478360176086426
mango_instrument,QGB,24,-1.335782945032585,-0.7333333333333333,0.0009626150131225586,-0.09172963336708806,-0.96,1.6689300537109375e-06,0.015401840209960938,3.337860107421875e-05
mango_instrument,R-U-A,24,-0.11446899165678337,-0.38666666666666666,0.10109639167785645,-0.017801430291652487,-0.48,0.03948163986206055,1.0,0.5922245979309082
mango_instrument,R-U-D,24,-0.01714979359111357,-0.15333333333333332,0.5270590782165527,-0.016100741217085213,-0.35333333333333333,0.1355280876159668,1.0,1.0
mango_instrument,SCP,24,-0.15688832480435622,-0.38,0.10738253593444824,-0.013745579227822657,-0.46,0.04906117916107178,1.0,0.6377953290939331
mango_instrument,WCP,24,-999999994.424493,-1.0,1.1920928955078125e-07,-0.020260037334285053,-0.3466666666666667,0.14335036277770996,2.384185791015625e-06,1.0
mango_population,ASTM-G,378,-0.08306759132411923,-0.39978500928369004,1.6302142813162276e-11,0.0,-0.08227848101265822,0.2056163267340536,2.771364278237587e-10,1.0
mango_population,ASTM-R,378,-0.03858916842122606,-0.20464603314207536,0.0005647661852887531,0.0,-0.12314743170049401,0.057384394211759934,0.003953363297021272,0.918150307388159
mango_population,BAG,378,-0.04024693291598247,-0.2094484231687398,0.00041727876376186103,0.0,-0.09845139496550742,0.13112541498057517,0.0033382301100948883,1.0
mango_population,CQR,378,0.06559310564315224,-0.017548268207898815,0.7674872071545256,0.008350767085076816,0.06012426079796392,0.31950756557687243,0.7674872071545256,1.0
mango_population,CV+,378,-0.015381718918424214,-0.11005011796568524,0.0637123042801955,0.0,-0.11434086305087338,0.0749003197633385,0.3037181602192284,1.0
mango_population,G-U-A,378,-0.07162266329189437,-0.363320350127738,9.27390038222866e-10,-0.001064311594202727,-0.10970464135021098,0.09148453021392804,1.391085057334299e-08,1.0
mango_population,G-U-D,378,-0.013002297417002096,-0.35413438315812984,2.4215930453833795e-09,0.0,-0.018345228654507006,0.8246331730728298,3.148070958998393e-08,1.0
mango_population,G-W-A,378,-0.055788183332177166,-0.31300693833675364,1.3368501434064745e-07,0.0,-0.09315976520384937,0.15118364215585173,1.3368501434064745e-06,1.0
mango_population,GC-D+,378,-0.03242354844499773,-0.3383311694657341,1.1952779897167172e-08,0.0,0.02833242407710493,0.7070841169083698,1.4343335876600605e-07,1.0
mango_population,GPR,378,0.3423959372713783,0.45964735938350715,9.603170973468909e-15,0.0,-0.09228325565970222,0.14144967395644886,1.7779170649006496e-13,1.0
mango_population,HCP-A,378,-0.16331207406355963,-0.4598428054892435,9.357458236319209e-15,-0.0014583333333334503,-0.14523482559736337,0.02221851548052275,1.7779170649006496e-13,0.39993327864940953
mango_population,HCP-D,378,-0.10174467785994756,-0.36186846477083945,1.0809898714675671e-09,-5.551115123125783e-17,-0.08525130458665202,0.1795176796448521,1.513385820054594e-08,1.0
mango_population,HJ+,378,-0.08572808472360571,-0.38702517066633163,6.992270398003097e-11,-5.551115123125783e-17,-0.0922213792277283,0.15534826218197137,1.1187632636804955e-09,1.0
mango_population,HJ+-D,378,-0.0362219358259781,-0.3187307171476037,7.866741328170885e-08,0.0,0.009229933942629626,0.8979294686903365,8.653415460987974e-07,1.0
mango_population,NCP-kNN,378,0.0870217571752927,0.11130655721684746,0.06074363204384567,0.016666666666666385,0.14167228085934577,0.018993974264533052,0.3037181602192284,0.360885511026128
mango_population,QGB,378,0.03805162020835229,-0.13584900392288254,0.022087358246193806,-0.002083333333333326,-0.2499175639058938,2.8784520238968123e-05,0.13252414947716284,0.0005756904047793625
mango_population,R-U-A,378,-0.013523500186963355,-0.1101338805824294,0.06351073219848949,0.0,-0.11940526698008638,0.0628899034619209,0.3037181602192284,0.9433485519288135
mango_population,R-U-D,378,0.0336917293539023,0.2998562075079225,4.368643380475895e-07,0.0,-0.004136029411764706,0.9543396807384408,3.931779042428306e-06,1.0
mango_population,SCP,378,0.0012360021434874024,-0.06758247127640267,0.2548414932659985,0.0,-0.14099959366111336,0.028559616053643145,0.509682986531997,0.4855134729119335
mango_population,WCP,378,-999999992.0232782,-0.7913194008180816,1.4958206944816249e-40,0.0,-0.022591009970519063,0.7153231710540249,2.9916413889632495e-39,1.0
mango_season_forward,ASTM-G,5,-0.2463940540745595,-0.4666666666666667,0.4375,0.001123090745732247,0.06666666666666667,1.0,1.0,1.0
mango_season_forward,ASTM-R,5,-0.0962410980560442,-0.4666666666666667,0.4375,-0.07244825124910781,-0.6,0.3125,1.0,1.0
mango_season_forward,BAG,5,-0.05787754138049106,-0.3333333333333333,0.625,-0.06870092790863669,-0.6,0.3125,1.0,1.0
mango_season_forward,CQR,5,-1.2300117399676553,-1.0,0.0625,-0.12768858860720256,-1.0,0.0625,1.0,1.0
mango_season_forward,CV+,5,-0.12069470180002373,-0.6,0.3125,-0.08083511777301933,-0.7333333333333333,0.1875,1.0,1.0
mango_season_forward,G-U-A,5,-0.17716631526770232,-0.4666666666666667,0.4375,-0.0058948447568831774,-0.4,0.625,1.0,1.0
mango_season_forward,G-U-D,5,-0.038256633515096894,-0.4666666666666667,0.4375,-0.005531763026409786,-0.4,0.625,1.0,1.0
mango_season_forward,G-W-A,5,-0.17745033151317546,-0.4666666666666667,0.4375,0.00035688793718768874,0.06666666666666667,1.0,1.0,1.0
mango_season_forward,GC-D+,5,-999999993.6803409,-1.0,0.0625,-0.03309352517985609,-0.7333333333333333,0.1875,1.0,1.0
mango_season_forward,GPR,5,-0.7061598291672428,-0.8666666666666667,0.125,-0.08690221270521059,-0.8666666666666667,0.125,1.0,1.0
mango_season_forward,HCP-A,5,-999999993.6803409,-1.0,0.0625,-0.03309352517985609,-0.7333333333333333,0.1875,1.0,1.0
mango_season_forward,HCP-D,5,-999999993.6803409,-1.0,0.0625,-0.03309352517985609,-0.7333333333333333,0.1875,1.0,1.0
mango_season_forward,HJ+,5,-999999993.6803409,-1.0,0.0625,-0.03309352517985609,-0.7333333333333333,0.1875,1.0,1.0
mango_season_forward,HJ+-D,5,-999999993.6803409,-1.0,0.0625,-0.03309352517985609,-0.7333333333333333,0.1875,1.0,1.0
mango_season_forward,NCP-kNN,5,-0.5937432147078239,-0.6,0.3125,-0.07553956834532372,-0.8666666666666667,0.125,1.0,1.0
mango_season_forward,QGB,5,-2.0731255220045375,-1.0,0.0625,-0.18140161725067394,-1.0,0.0625,1.0,1.0
mango_season_forward,R-U-A,5,-0.142170310912058,-0.6,0.3125,-0.08297644539614568,-0.7333333333333333,0.1875,1.0,1.0
mango_season_forward,R-U-D,5,-0.033409378676157786,-0.4666666666666667,0.4375,-0.06762589928057561,-0.6,0.3125,1.0,1.0
mango_season_forward,SCP,5,-0.1106286101342997,-0.6,0.3125,-0.08547466095645972,-0.7333333333333333,0.1875,1.0,1.0
mango_season_forward,WCP,5,-3.5299776383878516,-0.6,0.3125,-0.06041033905659188,-0.3333333333333333,0.625,1.0,1.0
mango_season_loso,ASTM-G,7,-0.18241333569463247,-0.35714285714285715,0.46875,-0.00017844396859389988,0.14285714285714285,0.8125,1.0,1.0
mango_season_loso,ASTM-R,7,-0.04953318059294887,-0.35714285714285715,0.46875,-0.06459671663097788,-0.7857142857142857,0.078125,1.0,1.0
mango_season_loso,BAG,7,-0.055690621226787584,-0.35714285714285715,0.46875,-0.06486438258386862,-0.7857142857142857,0.078125,1.0,1.0
mango_season_loso,CQR,7,-0.49977103424306346,-0.7142857142857143,0.109375,-0.09983940042826556,-0.6428571428571429,0.15625,1.0,1.0
mango_season_loso,CV+,7,-0.08030141326781415,-0.42857142857142855,0.375,-0.07200214132762317,-0.7857142857142857,0.078125,1.0,1.0
mango_season_loso,G-U-A,7,0.054402940502300545,0.0,1.0,-0.015498652291105142,-0.7142857142857143,0.15625,1.0,1.0
mango_season_loso,G-U-D,7,-0.046470638985981694,-0.21428571428571427,0.6875,-0.018418688230009028,-0.5714285714285714,0.21875,1.0,1.0
mango_season_loso,G-W-A,7,-0.10158434689302798,-0.35714285714285715,0.46875,0.0015377855887521719,0.35714285714285715,0.46875,1.0,1.0
mango_season_loso,GC-D+,7,-999999993.9315916,-1.0,0.015625,-0.03309352517985609,-0.9285714285714286,0.03125,0.3125,0.625
mango_season_loso,GPR,7,-0.5397292304974615,-0.5714285714285714,0.21875,-0.0759209344115005,-0.7857142857142857,0.078125,1.0,1.0
mango_season_loso,HCP-A,7,-999999993.9315916,-1.0,0.015625,-0.03309352517985609,-0.9285714285714286,0.03125,0.3125,0.625
mango_season_loso,HCP-D,7,-999999993.9315916,-1.0,0.015625,-0.03309352517985609,-0.9285714285714286,0.03125,0.3125,0.625
mango_season_loso,HJ+,7,-999999993.9315916,-1.0,0.015625,-0.03309352517985609,-0.9285714285714286,0.03125,0.3125,0.625
mango_season_loso,HJ+-D,7,-999999993.9315916,-1.0,0.015625,-0.03309352517985609,-0.9285714285714286,0.03125,0.3125,0.625
mango_season_loso,NCP-kNN,7,-0.2984021170577673,-0.42857142857142855,0.375,-0.07457322551662171,-0.7857142857142857,0.078125,1.0,1.0
mango_season_loso,QGB,7,-0.9274003367080086,-0.8571428571428571,0.046875,-0.1641684511063527,-0.9285714285714286,0.03125,0.703125,0.625
mango_season_loso,R-U-A,7,-0.08105848300019947,-0.5,0.296875,-0.07441113490364015,-0.7857142857142857,0.078125,1.0,1.0
mango_season_loso,R-U-D,7,-0.04910419187856263,-0.2857142857142857,0.578125,-0.0478436657681941,-0.7857142857142857,0.078125,1.0,1.0
mango_season_loso,SCP,7,-0.16318845984340857,-0.42857142857142855,0.375,-0.06852248394004279,-0.7857142857142857,0.078125,1.0,1.0
mango_season_loso,WCP,7,-0.35633187469732874,-0.5,0.296875,-0.005795574288725014,-0.2857142857142857,0.578125,1.0,1.0
ossl_kssl_to_lucas,ASTM-G,30,-22.39735537494261,-1.0,1.7343976283205784e-06,-0.5461196308147626,-1.0,1.7343976283205784e-06,3.468795256641157e-05,3.468795256641157e-05
ossl_kssl_to_lucas,ASTM-R,30,-30.081643266865246,-1.0,1.7343976283205784e-06,-0.5656962502355379,-1.0,1.7343976283205784e-06,3.468795256641157e-05,3.468795256641157e-05
ossl_kssl_to_lucas,BAG,30,-27.612926347374664,-1.0,1.7343976283205784e-06,-0.5608820270267935,-1.0,1.7343976283205784e-06,3.468795256641157e-05,3.468795256641157e-05
ossl_kssl_to_lucas,CQR,30,-35.7717186020343,-0.3849462365591398,0.06564114341025874,-0.32496363075295365,-0.9397849462365592,6.983783147477089e-06,0.14148524162476372,3.468795256641157e-05
ossl_kssl_to_lucas,CV+,30,-32.06034694810758,-1.0,1.7343976283205784e-06,-0.5672855480817269,-1.0,1.7343976283205784e-06,3.468795256641157e-05,3.468795256641157e-05
ossl_kssl_to_lucas,G-U-A,30,-29.342488986657823,-1.0,1.7343976283205784e-06,-0.5649780539118319,-1.0,1.7343976283205784e-06,3.468795256641157e-05,3.468795256641157e-05
ossl_kssl_to_lucas,G-U-D,30,1.6733711884814717,0.9741935483870968,3.181679410969855e-06,-0.05569396745574229,-1.0,1.7343976283205784e-06,3.468795256641157e-05,3.468795256641157e-05
ossl_kssl_to_lucas,G-W-A,30,-24.42112795710712,-1.0,1.7343976283205784e-06,-0.5519810255798556,-1.0,1.7343976283205784e-06,3.468795256641157e-05,3.468795256641157e-05
ossl_kssl_to_lucas,GC-D+,30,-2.559310842850742,-0.9956989247311828,1.9209211049031396e-06,0.05795103627575432,0.978494623655914,2.878599219394298e-06,3.468795256641157e-05,3.468795256641157e-05
ossl_kssl_to_lucas,GPR,30,-18.095326196367317,-0.07096774193548387,0.7343252914391281,0.19623325416414417,0.9311827956989247,8.466081690383873e-06,0.7343252914391281,3.468795256641157e-05
ossl_kssl_to_lucas,HCP-A,30,21.804893962486382,1.0,1.7343976283205784e-06,-0.30276305866476144,-1.0,1.7343976283205784e-06,3.468795256641157e-05,3.468795256641157e-05
ossl_kssl_to_lucas,HCP-D,30,19.09882649762476,1.0,1.7343976283205784e-06,0.2566832518131219,0.9397849462365592,6.983783147477089e-06,3.468795256641157e-05,3.468795256641157e-05
ossl_kssl_to_lucas,HJ+,30,-19.967662932354273,-1.0,1.7343976283205784e-06,-0.5406335409524896,-1.0,1.7343976283205784e-06,3.468795256641157e-05,3.468795256641157e-05
ossl_kssl_to_lucas,HJ+-D,30,-2.610879622273341,-0.9870967741935484,2.3534209951215346e-06,0.06510464657101489,0.9741935483870968,3.1797762823178307e-06,3.468795256641157e-05,3.468795256641157e-05
ossl_kssl_to_lucas,NCP-kNN,30,-15.830452202366793,-1.0,1.7343976283205784e-06,-0.49111534649248473,-1.0,1.7343976283205784e-06,3.468795256641157e-05,3.468795256641157e-05
ossl_kssl_to_lucas,QGB,30,-39.15189332546281,-0.4150537634408602,0.04716174720825457,-0.34468237524246165,-0.9655913978494624,3.882182386060857e-06,0.14148524162476372,3.468795256641157e-05
ossl_kssl_to_lucas,R-U-A,30,-31.91559253630386,-1.0,1.7343976283205784e-06,-0.5672855480817269,-1.0,1.7343976283205784e-06,3.468795256641157e-05,3.468795256641157e-05
ossl_kssl_to_lucas,R-U-D,30,2.950750712095701,0.9440860215053763,6.339135573122464e-06,-0.11923412456887814,-1.0,1.7343976283205784e-06,3.468795256641157e-05,3.468795256641157e-05
ossl_kssl_to_lucas,SCP,30,-33.17976564476834,-1.0,1.7343976283205784e-06,-0.5668847445731188,-1.0,1.7343976283205784e-06,3.468795256641157e-05,3.468795256641157e-05
ossl_kssl_to_lucas,WCP,30,-999999935.5236831,-1.0,1.7343976283205784e-06,0.17707982131477423,0.8881720430107527,2.1630223983536902e-05,3.468795256641157e-05,3.468795256641157e-05
ossl_lucas_campaign,ASTM-G,58,-0.27432741510832237,-0.7966101694915254,1.317390548503809e-07,-0.0016881799022147592,-0.28754208754208754,0.06602092948730907,1.5808686582045707e-06,0.6602092948730908
ossl_lucas_campaign,ASTM-R,58,-0.4457093100926022,-0.8457042665108124,2.1239596585799573e-08,-0.0019383135257499684,-0.3163944343617665,0.037739587481411214,3.3983354537279316e-07,0.41513546229552334
ossl_lucas_campaign,BAG,58,-0.3872464076851574,-0.8234950321449445,4.911521302487728e-08,0.0007552870090634656,-0.22932330827067668,0.13550356903968677,6.876129823482819e-07,0.8220849612528253
ossl_lucas_campaign,CQR,58,0.7299283246076103,0.7159555815312683,2.1142213356456085e-06,0.018850304211585955,0.37463471654003505,0.013085915179486365,2.3256434692101693e-05,0.18320281251280912
ossl_lucas_campaign,CV+,58,-0.48690759813155404,-0.8737580362361193,7.148203720079271e-09,-0.00855728879388129,-0.3599516031457955,0.01809348655704473,1.2866766696142687e-07,0.21712183868453674
ossl_lucas_campaign,G-U-A,58,-0.4010880712253848,-0.8305084745762712,3.7777551564108096e-08,0.001273334530893011,-0.2571082879612825,0.09134277347253614,5.666632734616214e-07,0.8220849612528253
ossl_lucas_campaign,G-U-D,58,0.026249554516290186,0.34541203974284046,0.022145452189204405,0.0036404255648098682,0.38316498316498315,0.014301220341775426,0.17716361751363524,0.18591586444308053
ossl_lucas_campaign,G-W-A,58,-0.39405253506329485,-0.8188194038573934,5.843838498062043e-08,0.0,-0.2568922305764411,0.09448443530028414,7.596990047480656e-07,0.8220849612528253
ossl_lucas_campaign,GC-D+,58,0.12561460629487398,0.39333722969023965,0.009179382071810422,-0.012879061915958223,0.1852717708942139,0.21976164990220426,0.09179382071810421,0.879046599608817
ossl_lucas_campaign,GPR,58,-0.3653036094139459,-0.28345996493278786,0.060446942657816013,-0.033103154620853115,-0.6025715955581531,6.57452475303331e-05,0.36268165594689605,0.0011176692080156628
ossl_lucas_campaign,HCP-A,58,-0.35437992388657524,-0.12682641729982466,0.40088329231987074,-0.01463399656104164,0.007597895967270602,0.9598631931564253,1.0,1.0
ossl_lucas_campaign,HCP-D,58,-0.5438481700328244,-0.19228521332554063,0.2027994523572637,-0.02362228157759655,-0.25073056691992984,0.09676695322126239,1.0,0.8220849612528253
ossl_lucas_campaign,HJ+,58,-0.07970461975368437,-0.049678550555230856,0.7421180548605968,-0.004786800923213597,0.06352087114337568,0.676588131929195,1.0,1.0
ossl_lucas_campaign,HJ+-D,58,0.12113325788677143,0.36060783167738164,0.01691664744070538,-0.01351269159030083,0.18059614260666276,0.23162134376835997,0.1522498269663484,0.879046599608817
ossl_lucas_campaign,NCP-kNN,58,-0.12781202578634687,-0.07539450613676213,0.6175106880510738,-0.0709552541926452,-0.8342407743496673,4.296233921854561e-08,1.0,8.592467843709122e-07
ossl_lucas_campaign,QGB,58,0.2844155675102802,0.3021624780829924,0.045349628516978144,-0.039132707774798936,-0.6376388077147866,2.4058987957874018e-05,0.317447399618847,0.0004330617832417323
ossl_lucas_campaign,R-U-A,58,-0.5073475842841249,-0.8737580362361193,7.148203720079271e-09,-0.009432945536438198,-0.3793103448275862,0.011991582968096538,1.2866766696142687e-07,0.17987374452144805
ossl_lucas_campaign,R-U-D,58,-0.0043145932453036995,-0.179427235534775,0.23465600352705007,0.0,0.24699352451433856,0.14469247632439208,1.0,0.8220849612528253
ossl_lucas_campaign,SCP,58,-0.8582553356939058,-0.9450613676212741,3.857475798859305e-10,-0.02045287576897653,-0.45295149035651666,0.0026983795739485643,7.32920401783268e-09,0.04317407318317703
ossl_lucas_campaign,WCP,58,-999999991.1067274,-0.9976621858562245,3.892994595580846e-11,-0.05348316018766758,-0.7276446522501461,1.4383795677214493e-06,7.785989191161692e-10,2.7329211786707534e-05
tablets,ASTM-G,2,-1.1594098333761576,-1.0,0.5,-0.007608695652173869,-0.3333333333333333,1.0,1.0,1.0
tablets,ASTM-R,2,-1.1594098333761576,-1.0,0.5,-0.007608695652173869,-0.3333333333333333,1.0,1.0,1.0
tablets,BAG,2,-1.3796748854054943,-1.0,0.5,-0.010869565217391297,-0.3333333333333333,1.0,1.0,1.0
tablets,CQR,2,-14.043242167127806,-1.0,0.5,-0.011956521739130477,-0.3333333333333333,1.0,1.0,1.0
tablets,CV+,2,-1.0340606563785961,-1.0,0.5,-0.017391304347826042,-1.0,0.5,1.0,1.0
tablets,G-U-A,2,-1.4973690822544583,-0.3333333333333333,1.0,-0.042391304347826064,-1.0,1.0,1.0,1.0
tablets,G-U-D,2,0.0,0.0,1.0,0.0,0.0,1.0,1.0,1.0
tablets,G-W-A,2,-1.4973690822544583,-0.3333333333333333,1.0,-0.042391304347826064,-1.0,1.0,1.0,1.0
tablets,GC-D+,2,0.017905286402578824,0.3333333333333333,1.0,-0.0010869565217390131,-0.3333333333333333,1.0,1.0,1.0
tablets,GPR,2,-6.545330287823905,-1.0,0.5,-0.13043478260869557,-1.0,0.5,1.0,1.0
tablets,HCP-A,2,-4.555777468399315,-1.0,0.5,-0.05652173913043479,-0.3333333333333333,1.0,1.0,1.0
tablets,HCP-D,2,-2.0456154132569626,-1.0,0.5,0.02065217391304347,1.0,0.5,1.0,1.0
tablets,HJ+,2,-1.0340606563785961,-1.0,0.5,-0.017391304347826042,-1.0,0.5,1.0,1.0
tablets,HJ+-D,2,-0.19799578398001572,-0.3333333333333333,1.0,0.0065217391304348005,0.3333333333333333,1.0,1.0,1.0
tablets,NCP-kNN,2,-1.7435309794364429,-1.0,0.5,-0.017391304347825987,-1.0,0.5,1.0,1.0
tablets,QGB,2,-15.950435426578604,-1.0,0.5,-0.08695652173913043,-1.0,0.5,1.0,1.0
tablets,R-U-A,2,-1.4973690822544583,-0.3333333333333333,1.0,-0.042391304347826064,-1.0,1.0,1.0,1.0
tablets,R-U-D,2,0.0,0.0,1.0,0.0,0.0,1.0,1.0,1.0
tablets,SCP,2,-2.479457626976151,-1.0,0.5,-0.035869565217391264,-1.0,0.5,1.0,1.0
tablets,WCP,2,-499999990.26763844,-1.0,0.5,-0.05543478260869561,-1.0,0.5,1.0,1.0
