method,group,coverage,width,interval_score,rmse,bias
ASTM-G,1201,0.90625,3.5635690536413285,4.171784924065896,1.051269506875093,-0.4142013374590812
ASTM-G,1243,0.968065693430657,3.6322193667089855,3.8263513519760255,0.819619548359881,-0.0245123208337607
ASTM-G,4069,0.9722222222222222,3.6380340291106825,3.833733966983457,0.8313219681203575,-0.1269399830307319
ASTM-G,caly,0.8795711198988951,3.5738436169388934,4.9866131485469305,1.1802037909396792,0.1109240308957478
ASTM-G,hg,0.8841867469879517,3.5412401621287635,4.899748638229383,1.1590913622634398,0.17978411521584511
ASTM-G,keitt,0.9124271844660194,3.724318412429437,4.758337287002309,1.135866134988541,-0.3453413342942671
ASTM-G,kp,0.8047218252077709,3.542212661564456,6.342078675927254,1.377606522402895,0.4932596388312955
ASTM-G,ladyg,0.9268774703557311,3.6257236364671495,4.31447217054034,0.9619517567772878,-0.4665514287219457
ASTM-G,ladyj,0.9861111111111112,3.639783155651021,4.0082575514223135,0.7650953870476687,0.3172001878064487
ASTM-G,r2e2,0.8340884573894284,3.4486567095281333,5.845362243370261,1.314316082831162,-0.7003505120486032
ASTM-R,1201,0.911244292237443,3.6149906838021355,4.176016797992754,1.051269506875093,-0.4142013374590812
ASTM-R,1243,0.968065693430657,3.6286899887585786,3.823949090259468,0.819619548359881,-0.0245123208337607
ASTM-R,4069,0.9709876543209877,3.6266441421857203,3.825600952343686,0.8313219681203575,-0.1269399830307319
ASTM-R,caly,0.8858358133909522,3.6366014007151732,4.975907057487228,1.1802037909396792,0.1109240308957478
ASTM-R,hg,0.8888554216867469,3.5875491861341353,4.893613597447767,1.1590913622634398,0.17978411521584511
ASTM-R,keitt,0.9001294498381878,3.6078172326735127,4.751279891602213,1.135866134988541,-0.3453413342942671
ASTM-R,kp,0.7878531222980961,3.399521755266988,6.490150531291935,1.377606522402895,0.4932596388312955
ASTM-R,ladyg,0.9268774703557311,3.6205570954286106,4.3130847464865925,0.9619517567772878,-0.4665514287219457
ASTM-R,ladyj,0.9861111111111112,3.625083585065466,3.9955995392602195,0.7650953870476687,0.3172001878064487
ASTM-R,r2e2,0.8430780294857966,3.540651465822675,5.789000401044419,1.314316082831162,-0.7003505120486032
CQR,1201,0.7581335616438357,3.6645479857967156,6.0797851531425495,1.051269506875093,-0.4142013374590812
CQR,1243,0.9378041362530413,3.5288583825505264,3.94139421340592,0.819619548359881,-0.0245123208337607
CQR,4069,0.9108024691358024,3.2796751593691877,3.869511294088735,0.8313219681203575,-0.1269399830307319
CQR,caly,0.8225094106295949,3.535285465125177,5.40426477421332,1.1802037909396792,0.1109240308957478
CQR,hg,0.8200050200803212,3.3800576538038283,6.103839610810667,1.1590913622634398,0.17978411521584511
CQR,keitt,0.8500323624595469,3.6037840900295186,5.876240529378425,1.135866134988541,-0.3453413342942671
CQR,kp,0.7379704621248213,3.340051705826466,7.502986048963305,1.377606522402895,0.4932596388312955
CQR,ladyg,0.9176548089591569,5.1268391987073185,5.982235885242716,0.9619517567772878,-0.4665514287219457
CQR,ladyj,0.9444444444444445,3.1855028093948903,3.8842421013915183,0.7650953870476687,0.3172001878064487
CQR,r2e2,0.8468176914778857,3.391140422949801,5.022192890019683,1.314316082831162,-0.7003505120486032
CV+,1201,0.9049657534246576,3.5497908108076106,4.170282531005509,1.051269506875093,-0.4142013374590812
CV+,1243,0.9671532846715328,3.5631524301058874,3.7795539868737684,0.819619548359881,-0.0245123208337607
CV+,4069,0.9685185185185187,3.560787840270782,3.7795510905676863,0.8313219681203575,-0.1269399830307319
CV+,caly,0.8808485194395749,3.5829425502478784,4.982348540214964,1.1802037909396792,0.1109240308957478
CV+,hg,0.882429718875502,3.5232471670129955,4.901805510443804,1.1590913622634398,0.17978411521584511
CV+,keitt,0.8970873786407768,3.5580768705088044,4.75093810062378,1.135866134988541,-0.3453413342942671
CV+,kp,0.7755368517636264,3.288735572255414,6.617942643111609,1.377606522402895,0.4932596388312955
CV+,ladyg,0.9235836627140976,3.5567455873986518,4.296896327894219,0.9619517567772878,-0.4665514287219457
CV+,ladyj,0.9854166666666669,3.5634296261559277,3.9424542730595236,0.7650953870476687,0.3172001878064487
CV+,r2e2,0.8386671461105119,3.4908668512488332,5.816663360002864,1.314316082831162,-0.7003505120486032
G-W-A,1201,0.901541095890411,3.5005378767764057,4.169479960676775,1.051269506875093,-0.4142013374590812
G-W-A,1243,0.9671532846715328,3.5648788694793154,3.780903394335542,0.819619548359881,-0.0245123208337607
G-W-A,4069,0.9685185185185187,3.576611304972648,3.790619328152777,0.8313219681203575,-0.1269399830307319
G-W-A,caly,0.8688491173712748,3.4721176604799706,5.01270867073702,1.1802037909396792,0.1109240308957478
G-W-A,hg,0.878237951807229,3.4777263360888147,4.911704206949978,1.1590913622634398,0.17978411521584511
G-W-A,keitt,0.903883495145631,3.6471997193859154,4.75249029109788,1.135866134988541,-0.3453413342942671
G-W-A,kp,0.7856121962839447,3.377714574475412,6.514900590632631,1.377606522402895,0.4932596388312955
G-W-A,ladyg,0.9229249011857709,3.535320870722369,4.293132308242277,0.9619517567772878,-0.4665514287219457
G-W-A,ladyj,0.9861111111111112,3.5847319385045604,3.960840302164963,0.7650953870476687,0.3172001878064487
G-W-A,r2e2,0.8231571377202446,3.357577367318932,5.911086504225847,1.314316082831162,-0.7003505120486032
GC-D,1201,0.8809931506849317,3.414513720431828,4.3100410408163725,1.051269506875093,-0.4142013374590812
GC-D,1243,0.9616788321167884,3.37439048541849,3.615353515329559,0.819619548359881,-0.0245123208337607
GC-D,4069,0.9523148148148147,3.2789121446810134,3.65993422061921,0.8313219681203575,-0.1269399830307319
GC-D,caly,0.8710098251049777,3.459192594798109,4.911234338348523,1.1802037909396792,0.1109240308957478
GC-D,hg,0.8780873493975904,3.4422046126210777,4.813806397808779,1.1590913622634398,0.17978411521584511
GC-D,keitt,0.9132038834951456,3.862349345522597,4.73143073458926,1.135866134988541,-0.3453413342942671
GC-D,kp,0.7780953893388386,3.356754849535404,6.699160483107634,1.377606522402895,0.4932596388312955
GC-D,ladyg,0.9762845849802372,4.450867351441191,4.594825070513607,0.9619517567772878,-0.4665514287219457
GC-D,ladyj,0.9826388888888888,3.3746316489420614,3.791163238573756,0.7650953870476687,0.3172001878064487
GC-D,r2e2,0.8216468896080547,3.3967450692731656,5.667036747992296,1.314316082831162,-0.7003505120486032
HJ+,1201,1.0,19.80734763413487,19.80734763413487,1.051269506875093,-0.4142013374590812
HJ+,1243,1.0,21.04877431543609,21.04877431543609,0.819619548359881,-0.0245123208337607
HJ+,4069,1.0,20.41376472242692,20.41376472242692,0.8313219681203575,-0.1269399830307319
HJ+,caly,1.0,18.845998387890223,18.845998387890223,1.1802037909396792,0.1109240308957478
HJ+,hg,1.0,23.82510136272056,23.82510136272056,1.1590913622634398,0.17978411521584511
HJ+,keitt,1.0,21.913011670078323,21.913011670078323,1.135866134988541,-0.3453413342942671
HJ+,kp,1.0,23.061697728612103,23.061697728612103,1.377606522402895,0.4932596388312955
HJ+,ladyg,1.0,19.004285627452717,19.004285627452717,0.9619517567772878,-0.4665514287219457
HJ+,ladyj,1.0,20.89167036959205,20.89167036959205,0.7650953870476687,0.3172001878064487
HJ+,r2e2,0.999928083423229,17.22821711261195,17.232422068894746,1.314316082831162,-0.7003505120486032
ORACLE,1201,0.8931221461187215,3.4739981296358153,4.223101619656409,1.051269506875093,-0.4142013374590812
ORACLE,1243,0.9000912408759124,2.68533614141468,3.4801188699432473,0.819619548359881,-0.0245123208337607
ORACLE,4069,0.9013888888888889,2.6785438523657272,3.4026065736259903,0.8313219681203575,-0.1269399830307319
ORACLE,caly,0.9002948890429016,3.7975306305952685,4.966232102829774,1.1802037909396792,0.1109240308957478
ORACLE,hg,0.9003012048192772,3.73042311197009,4.886864743557168,1.1590913622634398,0.17978411521584511
ORACLE,keitt,0.9002588996763753,3.598606551753495,4.758320631152781,1.135866134988541,-0.3453413342942671
ORACLE,kp,0.8990348137561096,4.606150716389758,5.89991452026032,1.377606522402895,0.4932596388312955
ORACLE,ladyg,0.891523935002196,3.173812286120404,4.320662208048663,0.9619517567772878,-0.4665514287219457
ORACLE,ladyj,0.8962962962962964,2.287726380034529,3.2048019035157527,0.7650953870476687,0.3172001878064487
ORACLE,r2e2,0.8991969315593912,4.158066226031189,5.632602375674445,1.314316082831162,-0.7003505120486032
SCP,1201,0.9095319634703195,3.6049061695301177,4.177668781597233,1.051269506875093,-0.4142013374590812
SCP,1243,0.9648722627737225,3.5447712750310543,3.767452945848279,0.819619548359881,-0.0245123208337607
SCP,4069,0.9679012345679013,3.5328881722972283,3.7652002255643535,0.8313219681203575,-0.1269399830307319
SCP,caly,0.8807941620123119,3.5673786618069614,4.9560789256425535,1.1802037909396792,0.1109240308957478
SCP,hg,0.8783885542168676,3.4937102414280843,4.908734795169446,1.1590913622634398,0.17978411521584511
SCP,keitt,0.8919093851132686,3.5192370073204593,4.754838023162708,1.135866134988541,-0.3453413342942671
SCP,kp,0.7723960263264694,3.275368805584499,6.67619795177852,1.377606522402895,0.4932596388312955
SCP,ladyg,0.9143610013175231,3.5147403347337085,4.365205427891765,0.9619517567772878,-0.4665514287219457
SCP,ladyj,0.9854166666666667,3.5145160225179612,3.897401931619472,0.7650953870476687,0.3172001878064487
SCP,r2e2,0.8347596787726238,3.472156558113633,5.847576258910256,1.314316082831162,-0.7003505120486032
