method,coverage,coverage_min,width,interval_score,n_cultivars,n_seeds
ASTM-G,0.9074521831069788,0.8047218252077709,3.592960080416885,4.698673995806417,10,3
ASTM-R,0.9069038058155708,0.7878531222980961,3.5888106535852997,4.703420260521628,10,3
CQR,0.8546174367208451,0.7379704621248213,3.603574287355343,5.366669250065684,10,3
CV+,0.9024207500825465,0.7755368517636264,3.5237775306012784,4.703843636379773,10,3
G-W-A,0.9005988809705668,0.7856121962839447,3.509441651820434,4.7097865557215695,10,3
GC-D,0.9015953608430267,0.7780953893388386,3.5410561822664937,4.6793985787699,10,3
HJ+,0.999992808342323,0.999928083423229,20.60398689309558,20.60440738872386,10,3
ORACLE,0.898150924603607,0.891523935002196,3.4190194026310956,4.4775225548264554,10,3
SCP,0.9000330935237674,0.7723960263264694,3.5039673248363705,4.711635526718458,10,3
