task,method,comparator,n_groups,IS_median_diff,IS_r_rb,IS_p,covgap_median_diff,covgap_p,IS_p_holm
corn_moisture,GC-D2,GC-D,30,-0.007847571102839845,0.015053763440860216,0.9426105124576512,0.0,0.2841644287109375,1.0
corn_moisture,GC-CQR,CQR,30,-0.04078989338594774,0.01935483870967742,0.9262550873076122,0.050000000000000044,0.0016422974040006142,0.9262550873076122
corn_moisture,GC-CQR,GC-D,30,-0.5161356268098665,-0.7634408602150538,0.00026134309226671514,-0.1583333333333333,0.00035923694907586957,0.0015680585536002908
corn_oil,GC-D2,GC-D,30,-0.0025136004254988353,-0.15698924731182795,0.4528065046691958,0.0,0.49480247497558594,1.0
corn_oil,GC-CQR,CQR,30,-0.0506392927645265,-0.6946236559139785,0.0008944300647461546,0.016666666666666607,0.4046908791376246,0.006261010453223082
corn_oil,GC-CQR,GC-D,30,-0.11573825888210137,-0.7763440860215054,0.0002051529226187778,-0.08333333333333337,0.0012190679363912353,0.0014360704583314446
corn_protein,GC-D2,GC-D,30,0.029394873314156134,0.432258064516129,0.038723026479358956,0.0,0.016311168670654297,0.30978421183487165
corn_protein,GC-CQR,CQR,30,-0.09874333084232095,-0.7333333333333333,0.00045335631776461847,0.016666666666666607,0.47962866912703883,0.0036268505421169477
corn_protein,GC-CQR,GC-D,30,-0.3573915611779396,-0.8236559139784946,8.187753439649276e-05,-0.09999999999999992,0.0004350791976426513,0.0006550202751719421
corn_starch,GC-D2,GC-D,30,-0.13048251866714677,-0.432258064516129,0.038723026479358956,0.0,0.6788630485534668,0.30978421183487165
corn_starch,GC-CQR,CQR,30,-0.19875024661056107,-0.27741935483870966,0.18462187723062606,0.0,0.29022222154476573,0.625
corn_starch,GC-CQR,GC-D,30,-0.840151511570939,-0.7247311827956989,0.0005287248371505039,-0.041666666666666574,0.044311301744746866,0.0026436241857525195
mango_instrument,GC-D2,GC-D,24,0.0034928388890222983,0.34,0.15150094032287598,0.0003837238101723761,0.3446848392486572,0.9090056419372559
mango_instrument,GC-CQR,CQR,24,-0.3299753166269559,-0.6133333333333333,0.007189035415649414,-0.053227599134883286,0.0020009279251098633,0.043134212493896484
mango_instrument,GC-CQR,GC-D,24,0.33574881299439774,0.48,0.03948163986206055,-0.0035973400476657647,0.3305051326751709,0.1579265594482422
mango_population,GC-D2,GC-D,199,-0.03136475119496396,-0.2258291457286432,0.00573846823576042,-0.0008333333333333526,0.013751545947233774,0.05164621412184378
mango_population,GC-CQR,CQR,199,0.04390941981526986,-0.10824120603015075,0.18549762269406977,0.01416666666666666,0.09620838203261399,0.625
mango_population,GC-CQR,GC-D,199,0.06760595654907586,0.13045226130653267,0.11055489865827074,-0.0012499999999999734,0.16387269666639936,0.33166469597481224
mango_season_forward,GC-D2,GC-D,5,-0.014478985198119965,-0.06666666666666667,1.0,-0.0029200359389038866,0.625,1.0
mango_season_forward,GC-CQR,CQR,5,-0.9971045921662025,-1.0,0.0625,-0.12925659472422069,0.0625,0.3125
mango_season_forward,GC-CQR,GC-D,5,0.17426265303056798,0.7333333333333333,0.1875,-0.006978137166816389,0.625,0.375
mango_season_loso,GC-D2,GC-D,7,0.0036381770573488126,0.21428571428571427,0.6875,0.0004572175048986882,0.9375,1.0
mango_season_loso,GC-CQR,CQR,7,-0.7654866838298959,-0.6428571428571429,0.15625,-0.11723569931117095,0.15625,0.625
mango_season_loso,GC-CQR,GC-D,7,-0.03275577881459668,-0.07142857142857142,0.9375,-0.004898758981058293,0.9375,0.9375
ossl_lucas_block,GC-D2,GC-D,30,-0.14554386486844528,-0.14838709677419354,0.47794743855272326,-0.008984285386556545,0.003378854437718857,1.0
ossl_lucas_block,GC-CQR,CQR,30,-0.14052512676228668,-0.9827956989247312,2.603328389538926e-06,-0.0022143896478167835,0.21335807338945145,2.3429955505850334e-05
ossl_lucas_block,GC-CQR,GC-D,30,-1.653057552998026,-1.0,1.7343976283205784e-06,-0.03067033540490527,0.00041955098606127764,1.5609578654885204e-05
