method,frac,coverage,coverage_sd,interval_score
ASTM-R,0.1,0.8326439134718937,0.007769634550342482,6.480424390584058
ASTM-R,0.25,0.8333700456486621,0.012495729703308228,6.465997011058415
ASTM-R,0.5,0.8386422323600673,0.00655289473725236,6.355599369201523
CV+,0.1,0.8277489567285331,0.007886960902408594,6.48415393723005
CV+,0.25,0.8280181156693939,0.012024979169815235,6.489644016645102
CV+,0.5,0.8321764847826826,0.007665772285067659,6.388422501507985
G-W-A,0.1,0.9008711152347675,0.0053296064366699656,6.261774675684921
G-W-A,0.25,0.897088716891529,0.007397409813854297,6.228780482489236
G-W-A,0.5,0.9018838791723932,0.002303006557818742,6.157761333584484
GC-D,0.1,0.8956810829036778,0.002902836330864807,6.0147555977451335
GC-D,0.25,0.8919845254184114,0.008808517839748922,5.958482395390258
GC-D,0.5,0.897565515025439,0.0026095875938051344,5.901267397354495
ORACLE,0.1,0.8980829101487986,0.0018953254622555583,5.96293423226589
ORACLE,0.25,0.8975929761744652,0.0016927633149814375,5.953261437766709
ORACLE,0.5,0.8976803133518224,0.0017331251468789173,5.893360614990673
SCP,0.1,0.8293346129435379,0.0038361572452122014,6.49366294634148
SCP,0.25,0.8247463763422874,0.013767771966428213,6.589400302710922
SCP,0.5,0.832357903928845,0.0044639642849903715,6.4354972584096535
