task,method,K,coverage,coverage_sd,width,finite
mango_instrument,CV+,3,0.6363954472321834,0.08535366446004641,4.016176815462626,1.0
mango_instrument,CV+,5,0.6746332296733423,0.030939126322909984,4.2379336201715585,1.0
mango_instrument,CV+,10,0.727499211753306,0.05156650989581641,3.9662985290133403,1.0
mango_instrument,CV+,20,0.7552269391457064,0.019174645433327357,3.790664214728608,1.0
mango_instrument,G-W-A,3,0.7857258643695914,0.07806821635435722,5.578929112083369,1.0
mango_instrument,G-W-A,5,0.7995655962788882,0.007298583176079751,5.51952080988617,1.0
mango_instrument,G-W-A,10,0.8678765768383263,0.045459143873045234,5.433065824061487,1.0
mango_instrument,G-W-A,20,0.8663052303231429,0.013114525365500824,4.994469867191917,1.0
mango_instrument,GC-D,3,0.7574516308238787,0.067588653042039,5.473739945319196,1.0
mango_instrument,GC-D,5,0.7819827167742558,0.01947350924680263,5.627479945142046,1.0
mango_instrument,GC-D,10,0.8612598190444883,0.030373124994429495,5.326668468653787,1.0
mango_instrument,GC-D,20,0.8650052553279101,0.011276970923419265,4.853946920884494,1.0
mango_instrument,HCP-D,3,1.0,0.0,inf,0.0
mango_instrument,HCP-D,5,1.0,0.0,inf,0.0
mango_instrument,HCP-D,10,1.0,0.0,inf,0.0
mango_instrument,HCP-D,20,0.9718333306578605,0.02167150043518703,17.62155566281506,1.0
mango_instrument,HJ+,3,1.0,0.0,inf,0.0
mango_instrument,HJ+,5,1.0,0.0,inf,0.0
mango_instrument,HJ+,10,0.9871764486612649,0.005498716986782167,10.153093696047748,1.0
mango_instrument,HJ+,20,0.9417869561250068,0.0034522002240612946,6.141784648783052,1.0
mango_instrument,ORACLE,3,0.8991572529822545,0.000593455333099271,7.511811356931356,1.0
mango_instrument,ORACLE,5,0.8998408165152836,0.0005538775237989621,8.31036532448568,1.0
mango_instrument,ORACLE,10,0.9001567370422148,2.9759953456927605e-05,5.4052018514266065,1.0
mango_instrument,ORACLE,20,0.9001577077925553,0.0007787550777849453,5.062354297382151,1.0
mango_instrument,SCP,3,0.6270204215073375,0.08525086555158125,3.9812073191878317,1.0
mango_instrument,SCP,5,0.6719771721324609,0.03567510101875508,4.227432657791436,1.0
mango_instrument,SCP,10,0.7251765241914024,0.04915161743667347,3.9679827586573535,1.0
mango_instrument,SCP,20,0.7540738401351973,0.021748075690691114,3.778775232888462,1.0
ossl_lucas_block,CV+,3,0.8052829396187099,0.012745398922947192,1182.5912263478892,1.0
ossl_lucas_block,CV+,5,0.8335842094238125,0.011475906012838282,75.37287127775335,1.0
ossl_lucas_block,CV+,10,0.8682395492397891,0.013086174536036053,366.4064178791485,1.0
ossl_lucas_block,CV+,20,0.8770523114768936,0.002292113155041569,6.111537543424098,1.0
ossl_lucas_block,G-W-A,3,0.8768473457993111,0.015663338716421775,452.9726224617463,1.0
ossl_lucas_block,G-W-A,5,0.8872040932245197,0.009122456492147827,18.925928128220328,1.0
ossl_lucas_block,G-W-A,10,0.9000510344337039,0.010223098042043525,15.037179162548567,1.0
ossl_lucas_block,G-W-A,20,0.8983797966604965,0.0031718980109486363,6.638045200436431,1.0
ossl_lucas_block,GC-D,3,0.8635235711526787,0.01217094405698833,7681.946754791884,1.0
ossl_lucas_block,GC-D,5,0.8763227058931634,0.006793139634096538,60.5694797479508,1.0
ossl_lucas_block,GC-D,10,0.9017475055545674,0.007865926936804891,45.105030056485056,1.0
ossl_lucas_block,GC-D,20,0.8983974026627036,0.002438280783910089,7.4526132170171655,1.0
ossl_lucas_block,HCP-D,3,1.0,0.0,inf,0.0
ossl_lucas_block,HCP-D,5,1.0,0.0,inf,0.0
ossl_lucas_block,HCP-D,10,1.0,0.0,inf,0.0
ossl_lucas_block,HCP-D,20,0.9903528463054724,0.002030534106150398,122810248632.97217,1.0
ossl_lucas_block,HJ+,3,1.0,0.0,inf,0.0
ossl_lucas_block,HJ+,5,1.0,0.0,inf,0.0
ossl_lucas_block,HJ+,10,0.9892810562882993,0.0014518851682833716,8892.885154478025,1.0
ossl_lucas_block,HJ+,20,0.9447874681160539,0.0011316235758950402,8.502392029486685,1.0
ossl_lucas_block,ORACLE,3,0.9019612702092813,0.0010796022982608577,529.6116852607639,1.0
ossl_lucas_block,ORACLE,5,0.9012224461118157,0.0010193616344225062,20.59386647651222,1.0
ossl_lucas_block,ORACLE,10,0.9020570630649685,0.0009215465011696416,17.83409349682152,1.0
ossl_lucas_block,ORACLE,20,0.9014621549979779,0.00021910828361857562,7.274348706876247,1.0
ossl_lucas_block,SCP,3,0.8030410975051093,0.009686971557619602,14.950487427954235,1.0
ossl_lucas_block,SCP,5,0.833390762729692,0.01165572793924335,13.325639194857374,1.0
ossl_lucas_block,SCP,10,0.8685336234308867,0.012696110977533094,15.604660732800383,1.0
ossl_lucas_block,SCP,20,0.8760193269332136,0.002407055046051761,6.081498180240281,1.0
