task,variant,method,coverage,width,interval_score,A
mango_population,group_folds=20,G-W-A,0.8995570470772078,3.693641226833018,4.9588282635553895,19.201005025125628
mango_population,group_folds=20,GC-D,0.8980548393845907,3.6803481245086003,4.920714693015591,19.201005025125628
mango_population,group_folds=20,R-U-D,0.8908630788479791,3.571145765130073,4.919895415665111,19.201005025125628
mango_population,group_folds=20,SCP,0.8845161538628094,3.530272244356872,4.97702080668949,19.201005025125628
mango_population,group_folds=5,G-W-A,0.9008596939218286,3.7049237758572064,4.955038938992803,19.201005025125628
mango_population,group_folds=5,GC-D,0.9002131683191699,3.6923580762223485,4.920058032495065,19.201005025125628
mango_population,group_folds=5,R-U-D,0.8912789519666249,3.5691038504274393,4.905649487396957,19.201005025125628
mango_population,group_folds=5,SCP,0.8845740478118816,3.5319125285833337,4.969290093012678,19.201005025125628
mango_season_loso,A_offset=-4,G-W-A,0.8996051124025024,4.83151025719107,6.29727107883658,10.857142857142858
mango_season_loso,A_offset=-4,GC-D,0.8939458778690905,4.836406378564327,6.249356742665964,10.857142857142858
mango_season_loso,A_offset=-4,R-U-D,0.8522381236805192,4.203284688637013,6.309483885885536,10.857142857142858
mango_season_loso,A_offset=-4,SCP,0.8367923584838962,4.050950815981314,6.483993710203555,10.857142857142858
mango_season_loso,A_offset=4,G-W-A,0.8938984572544312,4.531599634382392,6.313286841327773,18.285714285714285
mango_season_loso,A_offset=4,GC-D,0.8835461156793153,4.497620926533448,6.080588567059272,18.285714285714285
mango_season_loso,A_offset=4,R-U-D,0.8252110743325266,3.717271397169683,6.406150051963216,18.285714285714285
mango_season_loso,A_offset=4,SCP,0.8058079707715693,3.5152805598566657,6.718738594266369,18.285714285714285
mango_season_loso,diag_mode=Q,G-W-A,0.898824644168198,4.507357141542411,6.156810352338721,14.857142857142858
mango_season_loso,diag_mode=Q,GC-D,0.8981587105320468,4.561218560540789,6.003038787793564,14.857142857142858
mango_season_loso,diag_mode=Q,R-U-D,0.839625414521583,3.7894871334462907,6.194455936407538,14.857142857142858
mango_season_loso,diag_mode=Q,SCP,0.8231390177625684,3.6017169741657717,6.394559483241265,14.857142857142858
mango_season_loso,diag_mode=T2,G-W-A,0.898824644168198,4.507357141542411,6.156810352338721,14.857142857142858
mango_season_loso,diag_mode=T2,GC-D,0.8943845324150325,4.512265388443648,5.9388068540851915,14.857142857142858
mango_season_loso,diag_mode=T2,R-U-D,0.8294432617331299,3.7059199714920896,6.240812833483671,14.857142857142858
mango_season_loso,diag_mode=T2,SCP,0.8231390177625684,3.6017169741657717,6.394559483241265,14.857142857142858
mango_season_loso,floor_frac=0.02,G-W-A,0.898824644168198,4.507357141542411,6.156810352338721,14.857142857142858
mango_season_loso,floor_frac=0.02,GC-D,0.8954201979152782,4.518645751184226,5.899531336900444,14.857142857142858
mango_season_loso,floor_frac=0.02,R-U-D,0.8392900038015068,3.7868350691425534,6.129048311080744,14.857142857142858
mango_season_loso,floor_frac=0.02,SCP,0.8231390177625684,3.6017169741657717,6.394559483241265,14.857142857142858
mango_season_loso,floor_frac=0.3,G-W-A,0.898824644168198,4.507357141542411,6.156810352338721,14.857142857142858
mango_season_loso,floor_frac=0.3,GC-D,0.8954201979152782,4.518645751184226,5.899531336900444,14.857142857142858
mango_season_loso,floor_frac=0.3,R-U-D,0.8392900038015068,3.7868350691425534,6.129048311080744,14.857142857142858
mango_season_loso,floor_frac=0.3,SCP,0.8231390177625684,3.6017169741657717,6.394559483241265,14.857142857142858
mango_season_loso,preprocessing=SNV+SG1,G-W-A,0.898241732537125,4.892676865370039,6.548533990406824,19.285714285714285
mango_season_loso,preprocessing=SNV+SG1,GC-D,0.893302479818123,4.899084345178176,6.50056760953398,19.285714285714285
mango_season_loso,preprocessing=SNV+SG1,R-U-D,0.8326223900475337,4.072860731709333,6.709924454299702,19.285714285714285
mango_season_loso,preprocessing=SNV+SG1,SCP,0.8228838962534392,3.9614393065452185,6.837944557914902,19.285714285714285
ossl_lucas_block,A_offset=-4,G-W-A,0.9000030787850851,6.544715885878578,12.882568357956778,20.9
ossl_lucas_block,A_offset=-4,GC-D,0.8983052859689934,7.272477923785506,12.24587393653976,20.9
ossl_lucas_block,A_offset=-4,R-U-D,0.8914726984597121,7.075612973597169,12.307094005910647,20.9
ossl_lucas_block,A_offset=-4,SCP,0.8863152829748804,6.163057096372913,13.088351143227364,20.9
ossl_lucas_block,A_offset=4,G-W-A,0.899343321495534,6.466538446012792,12.482845562112365,25.0
ossl_lucas_block,A_offset=4,GC-D,0.8987427460996961,7.140019182966146,11.892504210023782,25.0
ossl_lucas_block,A_offset=4,R-U-D,0.8894142417354163,6.848983240195286,11.988196850938765,25.0
ossl_lucas_block,A_offset=4,SCP,0.8825623139471741,6.083481070661082,12.850135841438034,25.0
ossl_lucas_block,diag_mode=Q,G-W-A,0.8988921463879538,6.4697977094740855,12.495524532029672,24.9
ossl_lucas_block,diag_mode=Q,GC-D,0.897938366780107,6.95100450241131,11.979338640968841,24.9
ossl_lucas_block,diag_mode=Q,R-U-D,0.8882389597235093,6.645586877362596,12.12304669564627,24.9
ossl_lucas_block,diag_mode=Q,SCP,0.8829002815075846,6.085755556670587,12.854800012516877,24.9
ossl_lucas_block,diag_mode=T2,G-W-A,0.8988921463879538,6.4697977094740855,12.495524532029672,24.9
ossl_lucas_block,diag_mode=T2,GC-D,0.898704482453771,7.139254903698596,11.90203749347376,24.9
ossl_lucas_block,diag_mode=T2,R-U-D,0.8891754471880081,6.845093850473864,12.00922586658107,24.9
ossl_lucas_block,diag_mode=T2,SCP,0.8829002815075846,6.085755556670587,12.854800012516877,24.9
ossl_lucas_block,floor_frac=0.02,G-W-A,0.8988921463879538,6.4697977094740855,12.495524532029672,24.9
ossl_lucas_block,floor_frac=0.02,GC-D,0.8982412565267069,7.141703963027112,11.900433770539356,24.9
ossl_lucas_block,floor_frac=0.02,R-U-D,0.8894268203517686,6.855113258048413,11.997580097017668,24.9
ossl_lucas_block,floor_frac=0.02,SCP,0.8829002815075846,6.085755556670587,12.854800012516877,24.9
ossl_lucas_block,floor_frac=0.3,G-W-A,0.8988921463879538,6.4697977094740855,12.495524532029672,24.9
ossl_lucas_block,floor_frac=0.3,GC-D,0.8982412565267069,7.141703963027112,11.900433770539356,24.9
ossl_lucas_block,floor_frac=0.3,R-U-D,0.8894268203517686,6.855113258048413,11.997580097017668,24.9
ossl_lucas_block,floor_frac=0.3,SCP,0.8829002815075846,6.085755556670587,12.854800012516877,24.9
