method,method_s,method_s_sd,peak_MiB,ms_per_test_spectrum,shared_setup_s
ASTM-G,0.0023137113336512507,8.701338990999714e-05,2.242450714111328,0.000266051773597281,4.895199418332898
G-U-A,0.0038559803330523814,0.0002777964775859979,4.574946403503418,0.00046095363741353114,4.741876238333741
G-W-A,0.012002526333769007,0.0011325858120250908,5.674872398376465,0.0014779766580475927,4.695214611333843
ORACLE,0.02023022700025952,0.01062473142483064,0.7468204498291016,0.0017294344330849186,5.190408277333215
GC-D+,0.11743158200018418,0.011172541794865666,83.33844407399495,0.014453483089072705,4.6701637280002615
G-U-D,0.120465845666331,0.007639165805309147,83.3382962544759,0.014578206181351652,4.887031468666464
GC-D,0.12046971433301223,0.0054714888479198,83.33844407399495,0.014342100038209418,4.745746250999825
GC-D2,0.14607442166682935,0.008817949084267406,82.21769841512044,0.017288918329650512,5.120226821000567
HJ+,0.5655042373327888,0.022305690408266538,33.70029513041178,0.06615358017401078,4.765816959665851
HJ+-D,0.6366645019995,0.021333375779873227,84.98488553365071,0.07394061889467515,4.886176474000119
WCP,0.6879851306669783,0.020094027071182,171.21734142303467,0.08190389072792166,5.1547907770000165
SCP,0.6919370859995979,0.06865745633521465,171.2171506881714,0.08446555441125014,5.315403002000191
WCP-clip,0.7125273836663837,0.031946953674437006,171.21734142303467,0.08205258490154306,5.09319990366627
HCP-A,0.7705849753335011,0.06677729630483681,132.09178670247397,0.09161469982087948,5.209813640999831
HCP-D,1.2130585936665739,0.13180755116588108,136.3785483042399,0.1401719008278113,5.084533831666704
R-U-A,2.935680191000453,0.22283767134041868,201.9348169962565,0.3580303638173121,4.913601878332581
ASTM-R,3.161493116333683,0.3775927180898263,201.93516286214194,0.3926350237169289,5.499229721000423
R-U-D,3.236154804333031,0.3701604570028367,201.93480936686197,0.3999883094274659,4.846201310666705
CV+,3.6033516286667386,0.03354885136321392,201.93490664164224,0.42066284448891184,5.281324350665575
CQR,5.213086282666457,0.23917112262723753,171.2171506881714,0.6132433329398541,5.21788413299934
QGB,5.257062975333611,0.36088694538998906,171.57322216033936,0.6151725584131429,4.831930567999734
NCP-kNN,8.933108152332958,0.5790314375691787,179.11992168426514,1.0277080976483124,5.014860065333171
BAG,14.980376495666254,2.0405496720581278,198.9782476425171,1.7912797104070215,4.684926208666487
GPR,15.612530644333674,4.367545113196863,448.5025637944539,1.699687627427261,5.001759896000294
GC-CQR,34.50200575833393,2.496216675808515,216.72876040140787,4.155834176001291,4.881563393333636
