fold,method,n_train,n_test,shared_setup_s,method_s,method_peak_MiB,method_ms_per_test_spectrum
season2016,ASTM-R,70091,15310,5.375895977000255,2.8252291700009664,192.69359588623047,0.18453489026786193
season2016,ASTM-G,70091,15310,4.9561547199991765,0.0023528260007879,2.140369415283203,0.00015367903336302417
season2016,GPR,70091,15310,5.0252348850008275,12.94806851300018,483.33393478393555,0.8457262255388752
season2016,BAG,70091,15310,4.6846865139996225,12.688133005000054,190.80922889709473,0.8287480734813882
season2016,QGB,70091,15310,4.738863239999773,4.907016319000832,162.71828269958496,0.3205105368387218
season2016,SCP,70091,15310,5.103629916999125,0.7060178629999427,161.65006828308105,0.046114817962112524
season2016,NCP-kNN,70091,15310,4.955474751999645,9.598860641999636,166.4767541885376,0.6269667303722819
season2016,CV+,70091,15310,5.268558670999482,3.6287203739993856,192.69266986846924,0.2370163536250415
season2016,CQR,70091,15310,5.4971105589993385,4.957627743999183,161.65006828308105,0.32381631247545284
season2016,WCP,70091,15310,4.918603087999145,0.6826565930005017,161.65025901794434,0.04458893487919672
season2016,R-U-A,70091,15310,4.959578423999119,2.7790410720008367,192.69255828857422,0.18151803213591355
season2016,R-U-D,70091,15310,4.711361724001108,3.2243465009996726,192.69253540039062,0.21060395173087346
season2016,G-U-A,70091,15310,4.51576792600099,0.003535265999744297,4.396304130554199,0.00023091221422235774
season2016,G-W-A,70091,15310,4.717008544001146,0.011288630001217825,5.416479110717773,0.0007373370346974412
season2016,G-U-D,70091,15310,4.855537153000114,0.11898349399962171,82.66033554077148,0.007771619464377643
season2016,GC-D,70091,15310,4.645070646000022,0.1142356069995003,82.66048336029053,0.007461502743272391
season2016,GC-D+,70091,15310,4.668346570000722,0.11359649800033367,82.66048336029053,0.007419758197278489
season2016,HJ+,70091,15310,4.533683531999486,0.5448302200002217,42.307058334350586,0.03558655911170619
season2016,HJ+-D,70091,15310,4.917594648000886,0.6611931240004196,84.76629066467285,0.043187010058812515
season2016,HCP-D,70091,15310,4.721195029998853,1.3608177630012506,147.28722953796387,0.0888842431744775
season2016,HCP-A,70091,15310,5.246616772999914,0.8240314419999777,134.42683219909668,0.053823085695622316
season2016,ORACLE,70091,15310,5.204556863000107,0.023787340000126278,0.855555534362793,0.001553712606148026
season2016,WCP-clip,70091,15310,5.2781291020000936,0.7059037449998868,161.65025901794434,0.04610736414107687
season2016,GC-D2,70091,15310,5.288656024000375,0.13614009099910618,81.59077835083008,0.008892233246185903
season2016,GC-CQR,70091,15310,5.109366227999999,31.725552551000874,204.96161556243896,2.0722111398432967
season2018,ASTM-R,69268,16133,5.481356323,3.0892687300001853,191.2746124267578,0.19148755532140244
season2018,ASTM-G,69268,16133,4.373997890999817,0.002374302999669453,2.115253448486328,0.00014717058201633008
season2018,GPR,69268,16133,4.4353684350007825,20.652986552000584,510.5577726364136,1.2801702443439276
season2018,BAG,69268,16133,4.418825714999912,16.598788192999564,190.61743068695068,1.028871765511657
season2018,QGB,69268,16133,4.635125188000529,5.627892051999879,163.7508726119995,0.34884349172502815
season2018,SCP,69268,16133,4.8241069890009385,0.6173308399993402,163.7508726119995,0.03826509886563815
season2018,NCP-kNN,69268,16133,4.698956795000413,8.65368864300035,175.81579875946045,0.536396742267424
season2018,CV+,69268,16133,4.994842987998709,3.616021654001088,191.2746934890747,0.2241382045497482
season2018,CQR,69268,16133,4.695580355999482,5.431691990999752,163.7508726119995,0.33668207965039065
season2018,WCP,69268,16133,4.801867886000764,0.6710924330000125,163.7510633468628,0.04159749786152684
season2018,R-U-A,69268,16133,4.569943366999723,2.8372095710001304,191.2746124267578,0.17586373092420074
season2018,R-U-D,69268,16133,4.695234091999737,2.872039784999288,191.2746124267578,0.17802267309237513
season2018,G-U-A,69268,16133,4.600504740999895,0.004011082000943134,4.352351188659668,0.0002486259220816422
season2018,G-W-A,69268,16133,4.318126153000776,0.01141052000093623,5.352904319763184,0.0007072782496086426
season2018,G-U-D,69268,16133,4.504468647999602,0.11367649500061816,83.9422492980957,0.00704620932254498
season2018,GC-D,69268,16133,4.441583329999048,0.12269844399997965,83.94239711761475,0.007605432591581209
season2018,GC-D+,69268,16133,4.364704633000656,0.10868166000000201,83.94239711761475,0.006736605714994236
season2018,HJ+,69268,16133,4.556214557998828,0.589144725998267,45.49566459655762,0.03651798958645428
season2018,HJ+-D,69268,16133,4.5723012250000465,0.6263681719992746,86.16122627258301,0.038825275646146074
season2018,HCP-D,69268,16133,4.659216891999677,1.1075775619992783,114.54664421081543,0.06865292022557976
season2018,HCP-A,69268,16133,4.990086171999792,0.6957284510008321,114.54675674438477,0.04312455532144252
season2018,ORACLE,69268,16133,4.778321715999482,0.02862000999994052,1.056661605834961,0.0017740042149594322
season2018,WCP-clip,69268,16133,4.788118685999507,0.747266951999336,163.7510633468628,0.046319156511457016
season2018,GC-D2,69268,16133,4.6939548320006,0.1529749860001175,82.88525009155273,0.009482116531340574
season2018,GC-CQR,69268,16133,4.420839066000553,35.21972629700031,206.70265674591064,2.1830859912601692
season2020,ASTM-R,80949,4452,5.640436863001014,3.569981448999897,221.8372802734375,0.8018826255615222
season2020,ASTM-G,80949,4452,5.355445643999701,0.0022140050004963996,2.471729278564453,0.0004973057054124887
season2020,GPR,80949,4452,5.544676367999273,13.236536868000258,351.6159839630127,2.97316641239898
season2020,BAG,80949,4452,4.951266396999927,15.654208288999143,215.50808334350586,3.5162192922280195
season2020,QGB,80949,4452,5.1218032759989,5.236280555000121,188.2505111694336,1.1761636466756786
season2020,SCP,80949,4452,6.018472100000508,0.7524625549995108,188.2505111694336,0.16901674640599973
season2020,NCP-kNN,80949,4452,5.390148648999457,8.546775171998888,195.06721210479736,1.919760820305231
season2020,CV+,80949,4452,5.580571392998536,3.565312857999743,221.8373565673828,0.8008339752919459
season2020,CQR,80949,4452,5.460961483999199,5.249939113000437,188.2505111694336,1.179231606693719
season2020,WCP,80949,4452,5.743901357000141,0.7102063660004205,188.25070190429688,0.15952523944304145
season2020,R-U-A,80949,4452,5.211283843998899,3.190789930000392,221.8372802734375,0.7167093283918221
season2020,R-U-D,80949,4452,5.13200811599927,3.6120781270001316,221.8372802734375,0.811338303459149
season2020,G-U-A,80949,4452,5.109356048000336,0.004021592998469714,4.976183891296387,0.0009033227759365934
season2020,G-W-A,80949,4452,5.050509136999608,0.013308428999152966,6.2552337646484375,0.002989314689836695
season2020,G-U-D,80949,4452,5.301088604999677,0.12873754799875314,83.41230392456055,0.02891678975713233
season2020,GC-D,80949,4452,5.150584777000404,0.12447509199955675,83.41245174407959,0.02795936477977465
season2020,GC-D+,80949,4452,4.9774399809994065,0.13001658800021687,83.41245174407959,0.02920408535494539
season2020,HJ+,80949,4452,5.207552788999237,0.5625377659998776,13.298162460327148,0.12635619182387187
season2020,HJ+-D,80949,4452,5.1686335489994235,0.6224322099988058,84.02713966369629,0.13980957097906688
season2020,HCP-D,80949,4452,5.873189573001582,1.1707804559991928,147.30177116394043,0.26297853908337665
season2020,HCP-A,80949,4452,5.392737977999786,0.7919950329996936,147.30177116394043,0.17789645844557359
season2020,ORACLE,80949,4452,5.588346253000054,0.008283331000711769,0.3282442092895508,0.0018605864781472976
season2020,WCP-clip,80949,4452,5.213351922999209,0.6844114539999282,188.25070190429688,0.1537312340520953
season2020,GC-D2,80949,4452,5.378069607000725,0.14910818800126435,82.17706680297852,0.033492405211425054
season2020,GC-CQR,80949,4452,5.114484886000355,36.560738427000615,238.52200889587402,8.212205396900409
