task,method,coverage,width_median,interval_score,finite_frac,n_groups,n_seeds
corn_moisture,WCP,0.9643333333333334,inf,inf,0.535,30,5
corn_moisture,WCP-clip,0.9643333333333334,inf,inf,0.535,30,5
corn_oil,WCP,0.9450000000000001,inf,inf,0.5016666666666667,30,5
corn_oil,WCP-clip,0.9450000000000001,inf,inf,0.5016666666666667,30,5
corn_protein,WCP,0.9890000000000001,inf,inf,0.24333333333333332,30,5
corn_protein,WCP-clip,0.9890000000000001,inf,inf,0.24266666666666667,30,5
corn_starch,WCP,0.9356666666666666,inf,inf,0.5386666666666666,30,5
corn_starch,WCP-clip,0.9356666666666666,inf,inf,0.5386666666666666,30,5
mango_instrument,WCP,0.9045864923737481,inf,inf,0.8046839984170298,24,5
mango_instrument,WCP-clip,0.8513541651631359,4.106470210417446,inf,0.9902626470395758,24,5
mango_population,WCP,0.9068805758538797,inf,inf,0.8947423621259658,199,5
mango_population,WCP-clip,0.8987340694133569,3.595188882799385,inf,0.9998415386109291,199,5
mango_season_forward,WCP,0.8749727834113621,10.294110853281138,inf,0.9993538120260332,5,5
mango_season_forward,WCP-clip,0.8215451816898357,3.6642596963212974,7.305914454373211,1.0,5,5
mango_season_loso,WCP,0.8804109141791162,3.885627426247239,inf,0.9998140457447467,7,5
mango_season_loso,WCP-clip,0.8548387975623642,3.9464283767172033,6.258152077016098,1.0,7,5
ossl_kssl_to_lucas,WCP,1.0,inf,inf,0.0,30,5
ossl_kssl_to_lucas,WCP-clip,0.10552771719772396,31.198218184080716,119.84833587224703,1.0,30,5
ossl_lucas_block,WCP,0.9170316425245262,inf,inf,0.9796638301580948,30,5
ossl_lucas_block,WCP-clip,0.9208364154223317,4.829721376277455,inf,0.9998098240469208,30,5
ossl_lucas_campaign,WCP,0.8030182016813034,inf,inf,0.7896167345823695,58,5
ossl_lucas_campaign,WCP-clip,0.9046344354445413,inf,inf,0.8870156618997359,58,5
tablets,WCP,0.9617391304347825,inf,inf,0.5,2,5
tablets,WCP-clip,0.9617391304347825,inf,inf,0.5,2,5
