limit,method,subset,n,accepted,false_accept_among_accepted,false_accept_overall,yield_of_compliant
14.0,ASTM-R,all,85401,0.47614196555075466,0.022379066965054227,0.010655612931932882,0.6155049081844363
14.0,ASTM-R,season2015,15200,0.6298684210526316,0.04867349070398997,0.030657894736842106,0.7792607802874744
14.0,ASTM-R,season2016,15310,0.2610058785107773,0.014264264264264264,0.0037230568256041803,0.3614756354960081
14.0,ASTM-R,season2017,27312,0.4631663737551259,0.004901185770750988,0.0022700644405389573,0.619854244632657
14.0,ASTM-R,season2018,16133,0.6653443252959772,0.02561952673746972,0.01704580673154404,0.7533674277893827
14.0,ASTM-R,season2019,5604,0.29336188436830835,0.0030413625304136255,0.0008922198429693076,0.36798383475527613
14.0,ASTM-R,season2020,4452,0.318733153638814,0.013389711064129669,0.004267744833782569,0.5477308294209703
14.0,ASTM-R,season2021,1390,0.46474820143884893,0.04024767801857585,0.01870503597122302,0.775
14.0,BAG,all,85401,0.47835505439046383,0.0223244883971409,0.010679031861453614,0.6184002725048772
14.0,BAG,season2015,15200,0.6306578947368421,0.04850824118506155,0.030592105263157896,0.7803730321697467
14.0,BAG,season2016,15310,0.25950359242325277,0.012333249433677322,0.003200522534291313,0.3600991098467468
14.0,BAG,season2017,27312,0.4708186877562976,0.005754724317598569,0.0027094317516110134,0.6295548552294662
14.0,BAG,season2018,16133,0.6654682947994793,0.025614754098360656,0.01704580673154404,0.7535114888712814
14.0,BAG,season2019,5604,0.291220556745182,0.0024509803921568627,0.0007137758743754461,0.36551414458913334
14.0,BAG,season2020,4452,0.3189577717879605,0.013380281690140845,0.004267744833782569,0.5481220657276995
14.0,BAG,season2021,1390,0.46474820143884893,0.04024767801857585,0.01870503597122302,0.775
14.0,CQR,all,85401,0.5167035514806618,0.02671833571282888,0.013805458952471282,0.6649738333384944
14.0,CQR,season2015,15200,0.6726973684210527,0.05183374083129584,0.034868421052631576,0.8294832306639288
14.0,CQR,season2016,15310,0.33886348791639453,0.03450269853508096,0.011691704768125408,0.45966779847664496
14.0,CQR,season2017,27312,0.520796719390744,0.0171541057367829,0.008933801991798477,0.6883986606263541
14.0,CQR,season2018,16133,0.6421000433893262,0.010136113524471474,0.00650839893386227,0.7386011668947634
14.0,CQR,season2019,5604,0.34064953604568166,0.011000523834468309,0.003747323340471092,0.42388863942523575
14.0,CQR,season2020,4452,0.33692722371967654,0.027333333333333334,0.009209344115004492,0.5708137715179968
14.0,CQR,season2021,1390,0.5194244604316547,0.0817174515235457,0.04244604316546763,0.82875
14.0,CV+,all,85401,0.4839990164049601,0.023201238689698554,0.011229376705190806,0.625135478277026
14.0,CV+,season2015,15200,0.6357894736842106,0.05028973509933775,0.031973684210526314,0.7852498288843258
14.0,CV+,season2016,15310,0.26753755715218813,0.014404296875,0.003853690398432397,0.370468936404515
14.0,CV+,season2017,27312,0.47656707674282367,0.006223110018438845,0.0029657293497363795,0.6369411069529249
14.0,CV+,season2018,16133,0.6692493646562946,0.025840511253125868,0.017293745738548316,0.7576172297053951
14.0,CV+,season2019,5604,0.2981798715203426,0.002992220227408737,0.0008922198429693076,0.37404580152671757
14.0,CV+,season2020,4452,0.3230008984725966,0.015994436717663423,0.005166217430368374,0.5535993740219093
14.0,CV+,season2021,1390,0.46906474820143884,0.03987730061349693,0.01870503597122302,0.7825
14.0,G-W-A,all,85401,0.4106743480755495,0.013429516423357664,0.005515157902132294,0.5357352986715387
14.0,G-W-A,season2015,15200,0.5482236842105264,0.022920916836673466,0.01256578947368421,0.696611909650924
14.0,G-W-A,season2016,15310,0.19079033311561072,0.011982197877439232,0.0022860875244937948,0.26484353491786733
14.0,G-W-A,season2017,27312,0.40454745166959577,0.0023531541315956195,0.0009519625073227885,0.5427910183179043
14.0,G-W-A,season2018,16133,0.5977809458873117,0.020116134384073,0.012025041839707432,0.6806886119714759
14.0,G-W-A,season2019,5604,0.24696645253390434,0.002167630057803468,0.0005353319057815846,0.3100583744948361
14.0,G-W-A,season2020,4452,0.26235399820305483,0.0059931506849315065,0.0015723270440251573,0.45422535211267606
14.0,G-W-A,season2021,1390,0.41223021582733815,0.02617801047120419,0.01079136690647482,0.6975
14.0,GC-D,all,85401,0.4223369749768738,0.012725962071642453,0.005374644325007904,0.5513423961849317
14.0,GC-D,season2015,15200,0.5726973684210527,0.03113153360137852,0.017828947368421052,0.7215947980835045
14.0,GC-D,season2016,15310,0.22593076420640104,0.0,0.0,0.3174268147196476
14.0,GC-D,season2017,27312,0.41597100175746926,0.0022005105184402783,0.0009153485647334505,0.5582036635808548
14.0,GC-D,season2018,16133,0.5705696398685923,0.0133623030961434,0.007624124465381516,0.6541813729021105
14.0,GC-D,season2019,5604,0.2715917201998572,0.002628120893561104,0.0007137758743754461,0.34081724292770543
14.0,GC-D,season2020,4452,0.2821203953279425,0.01194267515923567,0.0033692722371967657,0.4855242566510172
14.0,GC-D,season2021,1390,0.4028776978417266,0.0375,0.015107913669064749,0.67375
14.0,GPR,all,85401,0.49221906066673693,0.022789989532781427,0.01121766724043044,0.6360201901340848
14.0,GPR,season2015,15200,0.6593421052631578,0.05857114348433447,0.03861842105263158,0.8072381930184805
14.0,GPR,season2016,15310,0.29595035924232527,0.017876848377841537,0.005290659699542783,0.4083692759475085
14.0,GPR,season2017,27312,0.4930799648506151,0.008613648177025321,0.00424721734036321,0.6574256450659839
14.0,GPR,season2018,16133,0.618669807227422,0.010319607253782186,0.006384429430360132,0.7115176834978031
14.0,GPR,season2019,5604,0.33600999286224126,0.008497079129049389,0.0028551034975017845,0.4191737763807813
14.0,GPR,season2020,4452,0.3470350404312669,0.01488673139158576,0.005166217430368374,0.5954616588419406
14.0,GPR,season2021,1390,0.4366906474820144,0.05271828665568369,0.02302158273381295,0.71875
14.0,ORACLE,all,85401,0.45402278661842366,0.015319544024346212,0.006955422067657287,0.5911497847830799
14.0,ORACLE,season2015,15200,0.5464473684210527,0.02323621478449314,0.01269736842105263,0.6941307323750856
14.0,ORACLE,season2016,15310,0.3217504898758981,0.016849370686155097,0.005421293272371,0.4444342479581536
14.0,ORACLE,season2017,27312,0.5035881663737551,0.008579322378944307,0.004320445225541886,0.6714595233405555
14.0,ORACLE,season2018,16133,0.5775119320647121,0.019212192765911774,0.011095270563441393,0.6582150831952748
14.0,ORACLE,season2019,5604,0.13597430406852248,0.0026246719160104987,0.00035688793718772306,0.17063313875168387
14.0,ORACLE,season2020,4452,0.2663971248876909,0.005902192242833052,0.0015723270440251573,0.4612676056338028
14.0,ORACLE,season2021,1390,0.3762589928057554,0.022944550669216062,0.008633093525179856,0.63875
14.0,SCP,all,85401,0.48848374140818024,0.0232039696047175,0.011334761888034098,0.6309262069179079
14.0,SCP,season2015,15200,0.6380921052631578,0.050726879059696875,0.03236842105263158,0.7877310061601642
14.0,SCP,season2016,15310,0.26923579359895494,0.012130033964095099,0.0032658393207054214,0.37368082958612464
14.0,SCP,season2017,27312,0.4823886936145284,0.005920303605313093,0.0028558875219683658,0.6449182588142603
14.0,SCP,season2018,16133,0.6756957788384057,0.02632785982937345,0.017789623752556872,0.7645321616365339
14.0,SCP,season2019,5604,0.30389007851534616,0.002935995302407516,0.0008922198429693076,0.38123035473731476
14.0,SCP,season2020,4452,0.3304132973944295,0.020394289598912305,0.006738544474393531,0.5637715179968701
14.0,SCP,season2021,1390,0.46474820143884893,0.04024767801857585,0.01870503597122302,0.775
14.0,WCP,all,85401,0.47451434994906383,0.019815418023887078,0.00940270020257374,0.6150094447713127
14.0,WCP,season2015,15200,0.6236184210526315,0.046523894925625066,0.02901315789473684,0.7732717316906229
14.0,WCP,season2016,15310,0.2787067276290007,0.012186547925943286,0.0033964728935336383,0.3868037074424153
14.0,WCP,season2017,27312,0.49359256004686586,0.006676062606631556,0.003295254833040422,0.6593953121922395
14.0,WCP,season2018,16133,0.6010041529783673,0.019595709570957097,0.011777102832703156,0.6847223222646402
14.0,WCP,season2019,5604,0.31780870806566736,0.0039303761931499155,0.0012491077801570307,0.39829366861248316
14.0,WCP,season2020,4452,0.29380053908355797,0.008409785932721712,0.0024707996406109615,0.5074334898278561
14.0,WCP,season2021,1390,0.3683453237410072,0.0234375,0.008633093525179856,0.625
15.0,ASTM-R,all,85401,0.3243404643973724,0.022022455684320735,0.00714277350382314,0.5198725699042355
15.0,ASTM-R,season2015,15200,0.4745394736842105,0.01427977263274643,0.006776315789473684,0.6935232149824424
15.0,ASTM-R,season2016,15310,0.1116263879817113,0.015213575190169689,0.0016982364467668192,0.20549450549450549
15.0,ASTM-R,season2017,27312,0.30539689513766843,0.00467569835751109,0.0014279437609841829,0.5094501718213058
15.0,ASTM-R,season2018,16133,0.5172627533626728,0.05032953864589575,0.02603359573544908,0.6904512981355637
15.0,ASTM-R,season2019,5604,0.14346895074946467,0.009950248756218905,0.0014275517487508922,0.23860911270983212
15.0,ASTM-R,season2020,4452,0.18823000898472597,0.015513126491646777,0.0029200359389038636,0.43398211467648606
15.0,ASTM-R,season2021,1390,0.32302158273381293,0.0022271714922048997,0.0007194244604316547,0.6850152905198776
15.0,BAG,all,85401,0.326600391096123,0.021870070271045462,0.00714277350382314,0.523576486844378
15.0,BAG,season2015,15200,0.47578947368421054,0.014380530973451327,0.006842105263157895,0.6952789699570815
15.0,BAG,season2016,15310,0.11103853690398433,0.011764705882352941,0.0013063357282821686,0.20512820512820512
15.0,BAG,season2017,27312,0.31224370240187466,0.00551125703564728,0.0017208553016988869,0.5204344624447718
15.0,BAG,season2018,16133,0.5175106923696771,0.05018565097616481,0.02597161098369801,0.6908869140965325
15.0,BAG,season2019,5604,0.14221984296930765,0.0075282308657465494,0.0010706638115631692,0.23711031175059952
15.0,BAG,season2020,4452,0.18800539083557952,0.015531660692951015,0.0029200359389038636,0.4334560757496055
15.0,BAG,season2021,1390,0.32302158273381293,0.0022271714922048997,0.0007194244604316547,0.6850152905198776
15.0,CQR,all,85401,0.3309797309164998,0.013408335102242977,0.004437887144178639,0.5351872109313528
15.0,CQR,season2015,15200,0.49282894736842103,0.020024028834601523,0.009868421052631578,0.7160554038236442
15.0,CQR,season2016,15310,0.14898758981058133,0.008329679964927663,0.00124101894186806,0.2761904761904762
15.0,CQR,season2017,27312,0.32300820152314,0.014849240535026072,0.004796426479203281,0.533321060382916
15.0,CQR,season2018,16133,0.45261265728630756,0.003834565872363736,0.0017355730490299385,0.6337341000174246
15.0,CQR,season2019,5604,0.18165596002855103,0.004911591355599214,0.0008922198429693076,0.3036570743405276
15.0,CQR,season2020,4452,0.1963162623539982,0.02745995423340961,0.005390835579514825,0.4471330878485008
15.0,CQR,season2021,1390,0.34388489208633094,0.04602510460251046,0.015827338129496403,0.6972477064220184
15.0,CV+,all,85401,0.3306284469736888,0.023161920951976202,0.0076579899532792355,0.5293338706891588
15.0,CV+,season2015,15200,0.48039473684210526,0.01602300739523418,0.007697368421052632,0.7008388607101054
15.0,CV+,season2016,15310,0.11521881123448727,0.015873015873015872,0.001828870019595036,0.21196581196581196
15.0,CV+,season2017,27312,0.315319273579379,0.005921969345099861,0.001867311072056239,0.5253436426116839
15.0,CV+,season2018,16133,0.5223455030062605,0.05138246113682212,0.02683939750821298,0.6964627983969333
15.0,CV+,season2019,5604,0.1465024982155603,0.0097442143727162,0.0014275517487508922,0.24370503597122303
15.0,CV+,season2020,4452,0.19137466307277629,0.01643192488262911,0.0031446540880503146,0.4408206207259337
15.0,CV+,season2021,1390,0.3294964028776978,0.006550218340611353,0.002158273381294964,0.6957186544342507
15.0,G-W-A,all,85401,0.27148394046908114,0.01513909855510028,0.004110022130888397,0.4382136757057593
15.0,G-W-A,season2015,15200,0.40111842105263157,0.0052484828604231586,0.002105263157894737,0.5915918845103394
15.0,G-W-A,season2016,15310,0.07348138471587198,0.012444444444444444,0.000914435009797518,0.13565323565323564
15.0,G-W-A,season2017,27312,0.2619361452841242,0.0019569471624266144,0.0005125951962507323,0.4381443298969072
15.0,G-W-A,season2018,16133,0.43909998140457446,0.03966685488424619,0.017417715242050456,0.5926990764941628
15.0,G-W-A,season2019,5604,0.11384725196288366,0.004702194357366771,0.0005353319057815846,0.19034772182254198
15.0,G-W-A,season2020,4452,0.1597035040431267,0.009845288326300985,0.0015723270440251573,0.37033140452393476
15.0,G-W-A,season2021,1390,0.27050359712230215,0.0,0.0,0.5749235474006116
15.0,GC-D,all,85401,0.2789311600566738,0.009025649636875027,0.002517534923478648,0.4530293434663289
15.0,GC-D,season2015,15200,0.42269736842105265,0.0056031128404669265,0.002368421052631579,0.6231954740538431
15.0,GC-D,season2016,15310,0.0968647942521228,0.0006743088334457181,6.531678641410843e-05,0.18095238095238095
15.0,GC-D,season2017,27312,0.2710896309314587,0.0028363047001620746,0.0007688927943760984,0.4530559646539028
15.0,GC-D,season2018,16133,0.4112688278683444,0.022004521477015825,0.00904977375565611,0.5653423941453215
15.0,GC-D,season2019,5604,0.13276231263383298,0.004032258064516129,0.0005353319057815846,0.2221223021582734
15.0,GC-D,season2020,4452,0.16756513926325248,0.00804289544235925,0.0013477088948787063,0.389268805891636
15.0,GC-D,season2021,1390,0.2762589928057554,0.005208333333333333,0.0014388489208633094,0.5840978593272171
15.0,GPR,all,85401,0.33868455872882053,0.014866546812335776,0.005035069846957296,0.5468363175772929
15.0,GPR,season2015,15200,0.4971052631578947,0.019984118581259924,0.00993421052631579,0.7222980881779165
15.0,GPR,season2016,15310,0.14167210973220118,0.015214384508990318,0.0021554539516655783,0.2608058608058608
15.0,GPR,season2017,27312,0.3333699472759227,0.008676551345414608,0.0028925014645577035,0.5538782523318606
15.0,GPR,season2018,16133,0.4802578565672844,0.015875064532782653,0.007624124465381516,0.6643143404774351
15.0,GPR,season2019,5604,0.18022840827980013,0.015841584158415842,0.0028551034975017845,0.2979616306954436
15.0,GPR,season2020,4452,0.20619946091644206,0.0196078431372549,0.004043126684636119,0.47343503419253025
15.0,GPR,season2021,1390,0.30071942446043165,0.023923444976076555,0.007194244604316547,0.6238532110091743
15.0,ORACLE,all,85401,0.30089811594712007,0.01579950967038954,0.004754042692708516,0.4853666493945151
15.0,ORACLE,season2015,15200,0.39822368421052634,0.004460598050553445,0.0017763157894736842,0.5877877487319547
15.0,ORACLE,season2016,15310,0.1495754408883083,0.01834061135371179,0.002743305029392554,0.2744810744810745
15.0,ORACLE,season2017,27312,0.33585969537199767,0.008285184781423744,0.0027826596367896894,0.5582351497299951
15.0,ORACLE,season2018,16133,0.41858302857497054,0.037316748111950244,0.015620157441269447,0.5663878724516467
15.0,ORACLE,season2019,5604,0.06566738044254104,0.005434782608695652,0.00035688793718772306,0.10971223021582734
15.0,ORACLE,season2020,4452,0.1619496855345912,0.009708737864077669,0.0015723270440251573,0.37559179379274066
15.0,ORACLE,season2021,1390,0.24388489208633093,0.0,0.0,0.518348623853211
15.0,SCP,all,85401,0.3351600098359504,0.023826992278936518,0.007985854966569478,0.5362235400234133
15.0,SCP,season2015,15200,0.4813157894736842,0.01558228540185894,0.0075,0.7024970737417089
15.0,SCP,season2016,15310,0.11724363161332463,0.014484679665738161,0.0016982364467668192,0.215995115995116
15.0,SCP,season2017,27312,0.3220196250732279,0.006139852188743604,0.001977152899824253,0.5363892979872361
15.0,SCP,season2018,16133,0.5294737494576334,0.05385155701240927,0.028512985805491848,0.7041296393099843
15.0,SCP,season2019,5604,0.15042826552462527,0.010676156583629894,0.0016059957173447537,0.25
15.0,SCP,season2020,4452,0.19699011680143755,0.018244013683010263,0.0035938903863432167,0.4529195160441873
15.0,SCP,season2021,1390,0.3273381294964029,0.006593406593406593,0.002158273381294964,0.691131498470948
15.0,WCP,all,85401,0.31864966452383464,0.017491640024988056,0.005573705225934123,0.5131172395263592
15.0,WCP,season2015,15200,0.47019736842105264,0.012872533930320415,0.0060526315789473685,0.6881584081154897
15.0,WCP,season2016,15310,0.12286087524493795,0.014354066985645933,0.0017635532331809274,0.22637362637362637
15.0,WCP,season2017,27312,0.33120972466315174,0.006853858058810524,0.0022700644405389573,0.5513009327442318
15.0,WCP,season2018,16133,0.44331494452364717,0.038171140939597316,0.016921837228041903,0.5993204391008886
15.0,WCP,season2019,5604,0.15917201998572447,0.013452914798206279,0.0021413276231263384,0.2637889688249401
15.0,WCP,season2020,4452,0.17362982929020665,0.0129366106080207,0.0022461814914645105,0.4013677012098895
15.0,WCP,season2021,1390,0.2316546762589928,0.0,0.0,0.4923547400611621
16.0,ASTM-R,all,85401,0.20358075432371986,0.038709306338433225,0.007880469783726186,0.41597391607347306
16.0,ASTM-R,season2015,15200,0.32822368421052633,0.023050711565443978,0.007565789473684211,0.5594582185491277
16.0,ASTM-R,season2016,15310,0.03553233180927498,0.014705882352941176,0.0005225342913128674,0.09909410242188944
16.0,ASTM-R,season2017,27312,0.1825937316930287,0.005213555243633447,0.0009519625073227885,0.39630931458699475
16.0,ASTM-R,season2018,16133,0.3506477406557987,0.08767898179246951,0.03074443686853034,0.5626907980811164
16.0,ASTM-R,season2019,5604,0.06798715203426124,0.026246719160104987,0.0017844396859386152,0.15773809523809523
16.0,ASTM-R,season2020,4452,0.12331536388140162,0.020036429872495445,0.0024707996406109615,0.35723771580345287
16.0,ASTM-R,season2021,1390,0.20071942446043164,0.025089605734767026,0.005035971223021582,0.5343811394891945
16.0,BAG,all,85401,0.2049390522359223,0.03856702091189578,0.007903888713246918,0.4188112897605655
16.0,BAG,season2015,15200,0.32861842105263156,0.023223223223223222,0.007631578947368421,0.5600321395775941
16.0,BAG,season2016,15310,0.03533638145003266,0.011090573012939002,0.00039190071848465056,0.09890922536513219
16.0,BAG,season2017,27312,0.18695079086115993,0.005679592636114375,0.0010618043350908025,0.40557597060233264
16.0,BAG,season2018,16133,0.35089567966280294,0.08761702879349938,0.03074443686853034,0.5631269079808112
16.0,BAG,season2019,5604,0.06655960028551035,0.02680965147453083,0.0017844396859386152,0.15433673469387754
16.0,BAG,season2020,4452,0.12309074573225516,0.020072992700729927,0.0024707996406109615,0.3565737051792829
16.0,BAG,season2021,1390,0.2,0.025179856115107913,0.005035971223021582,0.5324165029469549
16.0,CQR,all,85401,0.16803081931124927,0.016515679442508712,0.0027751431482066955,0.3512618846134701
16.0,CQR,season2015,15200,0.29986842105263156,0.02150065818341378,0.006447368421052631,0.5119375573921029
16.0,CQR,season2016,15310,0.04794252122795559,0.005449591280653951,0.0002612671456564337,0.1349602514327972
16.0,CQR,season2017,27312,0.14821323960164032,0.01358695652173913,0.0020137668424135913,0.3189806678383128
16.0,CQR,season2018,16133,0.2387652637451187,0.014018691588785047,0.003347176594557739,0.4140863497601396
16.0,CQR,season2019,5604,0.07726623840114204,0.03002309468822171,0.0023197715917201997,0.17857142857142858
16.0,CQR,season2020,4452,0.11163522012578617,0.012072434607645875,0.0013477088948787063,0.32602921646746347
16.0,CQR,season2021,1390,0.16402877697841728,0.03070175438596491,0.005035971223021582,0.43418467583497056
16.0,CV+,all,85401,0.2084636011287924,0.039431556479245074,0.008220044261776794,0.42563094230673504
16.0,CV+,season2015,15200,0.33453947368421055,0.024582104228121928,0.008223684210526315,0.5693296602387512
16.0,CV+,season2016,15310,0.03683866753755715,0.014184397163120567,0.0005225342913128674,0.10279164355703457
16.0,CV+,season2017,27312,0.189989748096075,0.005781460782424359,0.0010984182776801407,0.4121265377855888
16.0,CV+,season2018,16133,0.35573049029938636,0.08886565603763721,0.03161222339304531,0.5701046663759267
16.0,CV+,season2019,5604,0.0690578158458244,0.025839793281653745,0.0017844396859386152,0.1602891156462585
16.0,CV+,season2020,4452,0.12488769092542677,0.019784172661870502,0.0024707996406109615,0.3618857901726428
16.0,CV+,season2021,1390,0.20359712230215826,0.028268551236749116,0.0057553956834532375,0.5402750491159135
16.0,G-W-A,all,85401,0.16078266062458285,0.02993227004588158,0.0048125900165103454,0.33152471501816916
16.0,G-W-A,season2015,15200,0.2638815789473684,0.013462976813762155,0.0035526315789473684,0.45420110192837465
16.0,G-W-A,season2016,15310,0.020117570215545395,0.006493506493506494,0.00013063357282821686,0.056572379367720464
16.0,G-W-A,season2017,27312,0.14458845928529585,0.002025829323879463,0.00029291154071470416,0.31482664962454066
16.0,G-W-A,season2018,16133,0.27391061798797495,0.07603530210454854,0.020826876588359265,0.44515918011338856
16.0,G-W-A,season2019,5604,0.05835117773019272,0.01834862385321101,0.0010706638115631692,0.1364795918367347
16.0,G-W-A,season2020,4452,0.1091644204851752,0.00823045267489712,0.0008984725965858042,0.3200531208499336
16.0,G-W-A,season2021,1390,0.16618705035971224,0.004329004329004329,0.0007194244604316547,0.4518664047151277
16.0,GC-D,all,85401,0.16437746630601516,0.020871919076791565,0.0034308731747871805,0.3421026432375927
16.0,GC-D,season2015,15200,0.2836842105263158,0.017393320964749538,0.004934210526315789,0.4863406795224977
16.0,GC-D,season2016,15310,0.029653821032005225,0.0022026431718061676,6.531678641410843e-05,0.08374930671103716
16.0,GC-D,season2017,27312,0.15041007615700058,0.0034079844206426485,0.0005125951962507323,0.3270490493689088
16.0,GC-D,season2018,16133,0.25302175664786464,0.04556589906908378,0.011529163825698878,0.4247710423026603
16.0,GC-D,season2019,5604,0.06245538900785153,0.025714285714285714,0.0016059957173447537,0.14498299319727892
16.0,GC-D,season2020,4452,0.11230907457322552,0.008,0.0008984725965858042,0.3293492695883134
16.0,GC-D,season2021,1390,0.1669064748201439,0.017241379310344827,0.0028776978417266188,0.44793713163064836
16.0,GPR,all,85401,0.21416611046709055,0.019190814652815746,0.004110022130888397,0.4464881278311514
16.0,GPR,season2015,15200,0.3575,0.02208317997791682,0.007894736842105263,0.6099632690541782
16.0,GPR,season2016,15310,0.048334421946440234,0.008108108108108109,0.00039190071848465056,0.13569975965982622
16.0,GPR,season2017,27312,0.20152314001171645,0.012536337209302325,0.0025263620386643234,0.434174788304841
16.0,GPR,season2018,16133,0.33081262009545653,0.02304665542439573,0.007624124465381516,0.5684692542520715
16.0,GPR,season2019,5604,0.08315488936473947,0.02575107296137339,0.0021413276231263384,0.19302721088435373
16.0,GPR,season2020,4452,0.12398921832884097,0.016304347826086956,0.0020215633423180594,0.3605577689243028
16.0,GPR,season2021,1390,0.18489208633093526,0.04669260700389105,0.008633093525179856,0.481335952848723
16.0,ORACLE,all,85401,0.18108687251905714,0.026382153249272552,0.0047774616222292475,0.374757329882025
16.0,ORACLE,season2015,15200,0.2606578947368421,0.01287228672387683,0.003355263157894737,0.448921028466483
16.0,ORACLE,season2016,15310,0.053037230568256044,0.014778325123152709,0.0007838014369693011,0.14790164540580514
16.0,ORACLE,season2017,27312,0.20950497949619215,0.008388675288360714,0.0017574692442882249,0.4532672950950631
16.0,ORACLE,season2018,16133,0.25035641232256867,0.07254270859123546,0.018161532263063287,0.40841692106410815
16.0,ORACLE,season2019,5604,0.040506780870806565,0.0,0.0,0.09651360544217687
16.0,ORACLE,season2020,4452,0.11006289308176101,0.00816326530612245,0.0008984725965858042,0.32270916334661354
16.0,ORACLE,season2021,1390,0.15323741007194244,0.0,0.0,0.41846758349705304
16.0,SCP,all,85401,0.21263217058348263,0.04080621179580373,0.00867671338743106,0.4335208322962815
16.0,SCP,season2015,15200,0.33572368421052634,0.025083284342543602,0.008421052631578947,0.5710514233241506
16.0,SCP,season2016,15310,0.03860222077073808,0.015228426395939087,0.0005878510777269758,0.10759844703272324
16.0,SCP,season2017,27312,0.1963605741066198,0.006899123624836845,0.0013547158758055067,0.4254673270490494
16.0,SCP,season2018,16133,0.3636645385235232,0.09169933526504176,0.03334779644207525,0.5810074138682948
16.0,SCP,season2019,5604,0.06941470378301214,0.02570694087403599,0.0017844396859386152,0.16113945578231292
16.0,SCP,season2020,4452,0.12713387241689128,0.019434628975265017,0.0024707996406109615,0.36852589641434264
16.0,SCP,season2021,1390,0.2014388489208633,0.02857142857142857,0.0057553956834532375,0.5343811394891945
16.0,WCP,all,85401,0.19625062938373086,0.030429594272076373,0.00597182702778656,0.4044501966250187
16.0,WCP,season2015,15200,0.32394736842105265,0.0231519090170593,0.0075,0.5521120293847567
16.0,WCP,season2016,15310,0.041149575440888306,0.01904761904761905,0.0007838014369693011,0.11425402107598447
16.0,WCP,season2017,27312,0.2050380785002929,0.0075,0.0015377855887521968,0.4440006390797252
16.0,WCP,season2018,16133,0.27862145912105624,0.07208008898776418,0.020083059567346434,0.45475359790667247
16.0,WCP,season2019,5604,0.07209136331192005,0.024752475247524754,0.0017844396859386152,0.16751700680272108
16.0,WCP,season2020,4452,0.11500449236298294,0.015625,0.0017969451931716084,0.3346613545816733
16.0,WCP,season2021,1390,0.14028776978417265,0.0,0.0,0.3831041257367387
17.0,ASTM-R,all,85401,0.11072469877401904,0.05562605752961083,0.0061591784639524125,0.31830333273926215
17.0,ASTM-R,season2015,15200,0.20335526315789473,0.03202846975088968,0.006513157894736842,0.4384525205158265
17.0,ASTM-R,season2016,15310,0.009274983670803396,0.014084507042253521,0.00013063357282821686,0.04852686308492201
17.0,ASTM-R,season2017,27312,0.08391915641476275,0.0034904013961605585,0.00029291154071470416,0.2585465247905818
17.0,ASTM-R,season2018,16133,0.19370234922209137,0.12608,0.02442199218992128,0.40483249332938037
17.0,ASTM-R,season2019,5604,0.041042112776588154,0.0,0.0,0.15488215488215487
17.0,ASTM-R,season2020,4452,0.09141958670260557,0.03194103194103194,0.0029200359389038636,0.4164904862579281
17.0,ASTM-R,season2021,1390,0.12158273381294964,0.05917159763313609,0.007194244604316547,0.4746268656716418
17.0,BAG,all,85401,0.11183709792625379,0.05517746832792378,0.0061708879287127785,0.32165389413651757
17.0,BAG,season2015,15200,0.20355263157894737,0.03167420814479638,0.006447368421052631,0.43903868698710435
17.0,BAG,season2016,15310,0.009209666884389288,0.014184397163120567,0.00013063357282821686,0.048180242634315425
17.0,BAG,season2017,27312,0.08714118336262448,0.0029411764705882353,0.00025629759812536613,0.26862123613312205
17.0,BAG,season2018,16133,0.1940742577325978,0.1267965506228042,0.024607946445174486,0.40527720130447675
17.0,BAG,season2019,5604,0.041042112776588154,0.0,0.0,0.15488215488215487
17.0,BAG,season2020,4452,0.09141958670260557,0.03194103194103194,0.0029200359389038636,0.4164904862579281
17.0,BAG,season2021,1390,0.12086330935251799,0.05952380952380952,0.007194244604316547,0.4716417910447761
17.0,CQR,all,85401,0.04831325160126931,0.0067862336403296175,0.0003278650132902425,0.14607021921226163
17.0,CQR,season2015,15200,0.10539473684210526,0.00686641697877653,0.0007236842105263158,0.233147713950762
17.0,CQR,season2016,15310,0.007707380796864794,0.0,0.0,0.040901213171577126
17.0,CQR,season2017,27312,0.030938781487990626,0.002366863905325444,7.322788517867604e-05,0.09542676024450984
17.0,CQR,season2018,16133,0.06037314820554144,0.01026694045174538,0.0006198475175106924,0.14289949599762822
17.0,CQR,season2019,5604,0.035331905781584586,0.0,0.0,0.13333333333333333
17.0,CQR,season2020,4452,0.06761006289308176,0.013289036544850499,0.0008984725965858042,0.313953488372093
17.0,CQR,season2021,1390,0.06330935251798561,0.011363636363636364,0.0007194244604316547,0.25970149253731345
17.0,CV+,all,85401,0.11442488963829463,0.05638559148587802,0.006451915082961558,0.3286758153626804
17.0,CV+,season2015,15200,0.20809210526315788,0.03224786595004742,0.006710526315789474,0.4485638921453693
17.0,CV+,season2016,15310,0.00953625081645983,0.0136986301369863,0.00013063357282821686,0.04991334488734835
17.0,CV+,season2017,27312,0.08897188049209138,0.0032921810699588477,0.00029291154071470416,0.27416798732171155
17.0,CV+,season2018,16133,0.19959090063844295,0.12857142857142856,0.025661687224942664,0.41595019270678923
17.0,CV+,season2019,5604,0.0417558886509636,0.0,0.0,0.15757575757575756
17.0,CV+,season2020,4452,0.09164420485175202,0.03431372549019608,0.0031446540880503146,0.4164904862579281
17.0,CV+,season2021,1390,0.12302158273381295,0.06432748538011696,0.007913669064748202,0.47761194029850745
17.0,G-W-A,all,85401,0.0815330031264271,0.044233807266982623,0.0036065151461926676,0.23721261807164498
17.0,G-W-A,season2015,15200,0.15151315789473685,0.013460703430308293,0.0020394736842105263,0.33294255568581477
17.0,G-W-A,season2016,15310,0.005160026126714566,0.02531645569620253,0.00013063357282821686,0.026689774696707105
17.0,G-W-A,season2017,27312,0.060229935559461045,0.00303951367781155,0.0001830697129466901,0.18564636631197645
17.0,G-W-A,season2018,16133,0.1390317981776483,0.115916183682568,0.016116035455278,0.29395197153868957
17.0,G-W-A,season2019,5604,0.03800856531049251,0.0,0.0,0.14343434343434344
17.0,G-W-A,season2020,4452,0.07794249775381851,0.020172910662824207,0.0015723270440251573,0.3594080338266385
17.0,G-W-A,season2021,1390,0.09568345323741007,0.022556390977443608,0.002158273381294964,0.3880597014925373
17.0,GC-D,all,85401,0.08072505005796185,0.024369016536118365,0.001967190079741455,0.23974336125467832
17.0,GC-D,season2015,15200,0.16026315789473683,0.016420361247947456,0.002631578947368421,0.3511137162954279
17.0,GC-D,season2016,15310,0.006139777922926192,0.0,0.0,0.032582322357019064
17.0,GC-D,season2017,27312,0.06107205623901582,0.0,0.0,0.1888159384197419
17.0,GC-D,season2018,16133,0.12334965598462778,0.0592964824120603,0.00731420070662617,0.2774977764601245
17.0,GC-D,season2019,5604,0.039436117059243395,0.0,0.0,0.14882154882154883
17.0,GC-D,season2020,4452,0.08041329739442947,0.025139664804469275,0.0020215633423180594,0.3689217758985201
17.0,GC-D,season2021,1390,0.09136690647482014,0.007874015748031496,0.0007194244604316547,0.3761194029850746
17.0,GPR,all,85401,0.11489326822870927,0.033530370974317165,0.0038524139061603493,0.33801461415077527
17.0,GPR,season2015,15200,0.22131578947368422,0.03418549346016647,0.007565789473684211,0.4761137162954279
17.0,GPR,season2016,15310,0.010646636185499674,0.012269938650306749,0.00013063357282821686,0.05580589254766031
17.0,GPR,season2017,27312,0.0916813122437024,0.009984025559105431,0.0009153485647334505,0.28062033054109126
17.0,GPR,season2018,16133,0.18359883468666707,0.05064145847400405,0.009297712762660386,0.41683960865698194
17.0,GPR,season2019,5604,0.04853675945753034,0.01838235294117647,0.0008922198429693076,0.1797979797979798
17.0,GPR,season2020,4452,0.08849955076370171,0.03553299492385787,0.0031446540880503146,0.40169133192389006
17.0,GPR,season2021,1390,0.11007194244604317,0.11764705882352941,0.012949640287769784,0.40298507462686567
17.0,ORACLE,all,85401,0.09268041357829533,0.035375868603916616,0.003278650132902425,0.2721440028515416
17.0,ORACLE,season2015,15200,0.14861842105263157,0.01239486498450642,0.0018421052631578947,0.32693434935521687
17.0,ORACLE,season2016,15310,0.014435009797517962,0.01809954751131222,0.0002612671456564337,0.07521663778162911
17.0,ORACLE,season2017,27312,0.1023725834797891,0.00536480686695279,0.0005492091388400703,0.3148064297034186
17.0,ORACLE,season2018,16133,0.123535610239881,0.11189162067235324,0.01382259964048844,0.2623777053068485
17.0,ORACLE,season2019,5604,0.0301570306923626,0.0,0.0,0.11380471380471381
17.0,ORACLE,season2020,4452,0.07973944294699012,0.022535211267605635,0.0017969451931716084,0.3668076109936575
17.0,ORACLE,season2021,1390,0.08776978417266187,0.01639344262295082,0.0014388489208633094,0.3582089552238806
17.0,SCP,all,85401,0.11804311424924767,0.05693879575438945,0.006721232772449971,0.3388700766351809
17.0,SCP,season2015,15200,0.20921052631578949,0.03238993710691824,0.006776315789473684,0.45090855803048063
17.0,SCP,season2016,15310,0.010450685826257348,0.0125,0.00013063357282821686,0.05476603119584055
17.0,SCP,season2017,27312,0.09515963678968951,0.003847633705271258,0.0003661394258933802,0.2930722209644555
17.0,SCP,season2018,16133,0.2055414368065456,0.13057901085645357,0.02683939750821298,0.4273643640675956
17.0,SCP,season2019,5604,0.04229122055674518,0.0,0.0,0.1595959595959596
17.0,SCP,season2020,4452,0.09389038634321653,0.03588516746411483,0.0033692722371967657,0.4260042283298097
17.0,SCP,season2021,1390,0.12302158273381295,0.06432748538011696,0.007913669064748202,0.47761194029850745
17.0,WCP,all,85401,0.10512757461856419,0.04165738471820005,0.00437933982037681,0.306683300659419
17.0,WCP,season2015,15200,0.19953947368421052,0.030333003626772173,0.0060526315789473685,0.430978898007034
17.0,WCP,season2016,15310,0.011103853690398433,0.011764705882352941,0.00013063357282821686,0.058232235701906415
17.0,WCP,season2017,27312,0.10028558875219684,0.00547645125958379,0.0005492091388400703,0.30835408648403895
17.0,WCP,season2018,16133,0.14219302051695282,0.10941586748038361,0.015558172689518378,0.30284613104061664
17.0,WCP,season2019,5604,0.04425410421127766,0.008064516129032258,0.00035688793718772306,0.16565656565656567
17.0,WCP,season2020,4452,0.08602875112309075,0.02610966057441253,0.0022461814914645105,0.39429175475687106
17.0,WCP,season2021,1390,0.07985611510791367,0.018018018018018018,0.0014388489208633094,0.3253731343283582
