task,fold,group,method,alpha,seed,A,time_s,n,coverage,width_mean,width_median,interval_score,finite_frac,rmse,bias,sep
mango_season_forward,season2017,2017,WCP,0.1,0,15,0.3792428970336914,27312,0.901105741066198,3.4356655142093744,3.427758139737792,4.276550367452369,1.0,1.0366619232255614,0.06728776516246178,1.0344947961277138
mango_season_forward,season2017,2017,WCP-clip,0.1,0,15,0.00571894645690918,27312,0.9008494434680726,3.4322909695722736,3.427758139737792,4.276675908906419,1.0,1.0366619232255614,0.06728776516246178,1.0344947961277138
mango_season_forward,season2018,2018,WCP,0.1,0,13,0.6441442966461182,16133,0.9819624372404389,inf,9.143976772446646,inf,0.9972106861712019,1.6253222119304231,0.01652505749523326,1.6252885748976944
mango_season_forward,season2018,2018,WCP-clip,0.1,0,13,0.005467653274536133,16133,0.7651397756151986,3.499862691737193,3.4965093480072227,8.573936769976147,1.0,1.6253222119304231,0.01652505749523326,1.6252885748976944
mango_season_forward,season2019,2019,WCP,0.1,0,13,1.0851271152496338,5604,0.6809421841541756,3.4688400665652956,3.468256095683458,10.694499436136836,1.0,1.9355367149074707,-0.8963178711214002,1.7156462013232932
mango_season_forward,season2019,2019,WCP-clip,0.1,0,13,0.0043413639068603516,5604,0.6716630977872948,3.4132325322507455,3.4125232172046953,10.818606387723307,1.0,1.9355367149074707,-0.8963178711214002,1.7156462013232932
mango_season_forward,season2020,2020,WCP,0.1,0,19,0.9721612930297852,4452,1.0,13.437051674042976,13.437051674042976,13.437051674042976,1.0,1.3375180658992445,0.5012984985007792,1.2401612212484583
mango_season_forward,season2020,2020,WCP-clip,0.1,0,19,0.007390022277832031,4452,1.0,13.437051674042976,13.437051674042976,13.437051674042976,1.0,1.3375180658992445,0.5012984985007792,1.2401612212484583
mango_season_forward,season2021,2021,WCP,0.1,0,19,1.0111024379730225,1390,0.9129496402877698,5.02277352447986,5.016001601757996,5.710123460627127,1.0,1.4593099997651968,0.8556865837618053,1.182536334886464
mango_season_forward,season2021,2021,WCP-clip,0.1,0,19,0.0054645538330078125,1390,0.8553956834532375,4.31517144048201,4.311781514541307,5.802000952395018,1.0,1.4593099997651968,0.8556865837618053,1.182536334886464
