perturbation,level,method,coverage,width,interval_score,rmse
gain,0.020,ASTM-R,0.830,3.721,6.481,1.391
gain,0.020,CV+,0.822,3.657,6.517,1.391
gain,0.020,G-W-A,0.895,4.507,6.220,1.391
gain,0.020,GC-D,0.895,4.577,5.949,1.391
gain,0.020,ORACLE,0.898,4.513,5.949,1.391
gain,0.020,SCP,0.819,3.602,6.494,1.391
gain,0.020,WCP,0.854,∞,∞,1.391
gain,0.050,ASTM-R,0.822,3.721,6.670,1.416
gain,0.050,CV+,0.815,3.657,6.712,1.416
gain,0.050,G-W-A,0.888,4.507,6.345,1.416
gain,0.050,GC-D,0.896,4.679,6.054,1.416
gain,0.050,ORACLE,0.899,4.601,6.052,1.416
gain,0.050,SCP,0.812,3.602,6.692,1.416
gain,0.050,WCP,0.838,∞,∞,1.416
noise,0.010,ASTM-R,0.413,3.722,30.150,3.496
noise,0.010,CV+,0.409,3.671,30.266,3.496
noise,0.010,G-W-A,0.489,4.507,26.587,3.496
noise,0.010,GC-D,0.703,7.220,17.063,3.496
noise,0.010,ORACLE,0.900,11.578,14.512,3.496
noise,0.010,SCP,0.398,3.602,30.973,3.496
noise,0.010,WCP,0.936,∞,∞,3.496
noise,0.030,ASTM-R,0.157,3.729,123.922,9.695
noise,0.030,CV+,0.159,3.776,123.081,9.695
noise,0.030,G-W-A,0.188,4.507,118.237,9.695
noise,0.030,GC-D,0.463,12.503,70.398,9.695
noise,0.030,ORACLE,0.900,32.036,40.148,9.695
noise,0.030,SCP,0.150,3.602,125.942,9.695
noise,0.030,WCP,1.000,∞,∞,9.695
noise,0.100,ASTM-R,0.050,3.805,476.505,31.992
noise,0.100,CV+,0.059,4.661,467.862,31.992
noise,0.100,G-W-A,0.059,4.507,470.576,31.992
noise,0.100,GC-D,0.287,25.437,317.368,31.992
noise,0.100,ORACLE,0.900,105.507,132.361,31.992
noise,0.100,SCP,0.046,3.602,481.989,31.992
noise,0.100,WCP,1.000,∞,∞,31.992
none,0.000,ASTM-R,0.833,3.721,6.384,1.379
none,0.000,CV+,0.826,3.657,6.418,1.379
none,0.000,G-W-A,0.899,4.507,6.157,1.379
none,0.000,GC-D,0.895,4.519,5.900,1.379
none,0.000,ORACLE,0.898,4.465,5.893,1.379
none,0.000,SCP,0.823,3.602,6.395,1.379
none,0.000,WCP,0.864,∞,∞,1.379
offset_slope,0.500,ASTM-R,0.833,3.721,6.384,1.379
offset_slope,0.500,CV+,0.826,3.657,6.418,1.379
offset_slope,0.500,G-W-A,0.899,4.507,6.157,1.379
offset_slope,0.500,GC-D,0.895,4.519,5.900,1.379
offset_slope,0.500,ORACLE,0.898,4.465,5.893,1.379
offset_slope,0.500,SCP,0.823,3.602,6.395,1.379
offset_slope,0.500,WCP,0.864,∞,∞,1.379
offset_slope,2.000,ASTM-R,0.833,3.721,6.384,1.379
offset_slope,2.000,CV+,0.826,3.657,6.418,1.379
offset_slope,2.000,G-W-A,0.899,4.507,6.157,1.379
offset_slope,2.000,GC-D,0.895,4.519,5.900,1.379
offset_slope,2.000,ORACLE,0.898,4.465,5.893,1.379
offset_slope,2.000,SCP,0.823,3.602,6.395,1.379
offset_slope,2.000,WCP,0.864,∞,∞,1.379
wl_shift,0.500,ASTM-R,0.827,3.721,6.502,1.393
wl_shift,0.500,CV+,0.819,3.657,6.537,1.393
wl_shift,0.500,G-W-A,0.894,4.507,6.238,1.393
wl_shift,0.500,GC-D,0.898,4.605,5.999,1.393
wl_shift,0.500,ORACLE,0.899,4.527,5.909,1.393
wl_shift,0.500,SCP,0.816,3.602,6.508,1.393
wl_shift,0.500,WCP,0.924,∞,∞,1.393
wl_shift,1.000,ASTM-R,0.814,3.722,6.768,1.431
wl_shift,1.000,CV+,0.807,3.658,6.809,1.431
wl_shift,1.000,G-W-A,0.884,4.507,6.423,1.431
wl_shift,1.000,GC-D,0.911,4.963,6.184,1.431
wl_shift,1.000,ORACLE,0.898,4.651,6.008,1.431
wl_shift,1.000,SCP,0.803,3.602,6.774,1.431
wl_shift,1.000,WCP,0.974,∞,∞,1.431
wl_shift,2.000,ASTM-R,0.768,3.722,7.793,1.573
wl_shift,2.000,CV+,0.760,3.661,7.855,1.573
wl_shift,2.000,G-W-A,0.846,4.507,7.162,1.573
wl_shift,2.000,GC-D,0.938,6.020,6.977,1.573
wl_shift,2.000,ORACLE,0.900,5.051,6.449,1.573
wl_shift,2.000,SCP,0.755,3.602,7.819,1.573
wl_shift,2.000,WCP,0.952,∞,∞,1.573
