Method,M-season,M-forward,M-instrument,M-population,S-region,C-moist,C-oil,C-prot,C-starch,S-campaign,S-KSSL→LUCAS,Tablets
ASTM-R,0.806,0.778,0.354,0.013,0.845,0.000,0.420,0.150,0.000,0.731,0.012,0.924
ASTM-G,0.861,0.873,0.521,0.022,0.856,0.000,0.570,0.210,0.000,0.738,0.015,0.924
BAG,0.807,0.782,0.367,0.015,0.848,0.000,0.650,0.300,0.000,0.723,0.013,0.949
GPR,0.763,0.755,0.228,0.030,0.831,0.120,0.650,0.200,0.040,0.531,0.958,0.846
QGB,0.723,0.708,0.464,0.037,0.827,0.650,0.650,0.610,0.520,0.768,0.069,0.840
CQR,0.782,0.782,0.535,0.125,0.884,0.900,0.900,0.880,0.860,0.829,0.077,0.963
SCP,0.805,0.784,0.357,0.017,0.855,0.010,0.230,0.090,0.100,0.734,0.013,0.851
NCP-kNN,0.756,0.665,0.195,0.492,0.842,0.010,0.270,0.110,0.100,0.730,0.036,0.941
CV+,0.809,0.781,0.364,0.015,0.856,0.000,0.560,0.140,0.000,0.728,0.013,0.907
WCP,0.800,0.773,0.724,0.092,0.612,0.920,0.860,0.970,0.840,0.594,1.000,0.960
HJ+,1.000,1.000,0.773,0.045,0.929,1.000,1.000,1.000,1.000,0.860,0.024,0.907
HCP-D,1.000,1.000,1.000,0.040,1.000,1.000,1.000,1.000,1.000,1.000,0.740,0.980
GC-D+,1.000,1.000,0.771,0.035,0.916,1.000,1.000,1.000,1.000,0.853,0.606,0.953
GC-D,0.904,0.874,0.558,0.015,0.856,0.000,0.590,0.260,0.040,0.753,0.415,0.947
ORACLE,0.947,0.948,0.947,0.909,0.947,1.000,1.000,1.000,1.000,0.946,0.949,0.952
