limit,method,n,accepted,false_accept_among_accepted,false_accept_overall,yield_of_compliant
14.0,ASTM-R,85401,0.476,0.022,0.011,0.616
14.0,BAG,85401,0.478,0.022,0.011,0.618
14.0,CQR,85401,0.517,0.027,0.014,0.665
14.0,CV+,85401,0.484,0.023,0.011,0.625
14.0,G-W-A,85401,0.411,0.013,0.006,0.536
14.0,GC-D,85401,0.422,0.013,0.005,0.551
14.0,GPR,85401,0.492,0.023,0.011,0.636
14.0,ORACLE,85401,0.454,0.015,0.007,0.591
14.0,SCP,85401,0.488,0.023,0.011,0.631
14.0,WCP,85401,0.475,0.020,0.009,0.615
15.0,ASTM-R,85401,0.324,0.022,0.007,0.520
15.0,BAG,85401,0.327,0.022,0.007,0.524
15.0,CQR,85401,0.331,0.013,0.004,0.535
15.0,CV+,85401,0.331,0.023,0.008,0.529
15.0,G-W-A,85401,0.271,0.015,0.004,0.438
15.0,GC-D,85401,0.279,0.009,0.003,0.453
15.0,GPR,85401,0.339,0.015,0.005,0.547
15.0,ORACLE,85401,0.301,0.016,0.005,0.485
15.0,SCP,85401,0.335,0.024,0.008,0.536
15.0,WCP,85401,0.319,0.017,0.006,0.513
16.0,ASTM-R,85401,0.204,0.039,0.008,0.416
16.0,BAG,85401,0.205,0.039,0.008,0.419
16.0,CQR,85401,0.168,0.017,0.003,0.351
16.0,CV+,85401,0.208,0.039,0.008,0.426
16.0,G-W-A,85401,0.161,0.030,0.005,0.332
16.0,GC-D,85401,0.164,0.021,0.003,0.342
16.0,GPR,85401,0.214,0.019,0.004,0.446
16.0,ORACLE,85401,0.181,0.026,0.005,0.375
16.0,SCP,85401,0.213,0.041,0.009,0.434
16.0,WCP,85401,0.196,0.030,0.006,0.404
17.0,ASTM-R,85401,0.111,0.056,0.006,0.318
17.0,BAG,85401,0.112,0.055,0.006,0.322
17.0,CQR,85401,0.048,0.007,0.000,0.146
17.0,CV+,85401,0.114,0.056,0.006,0.329
17.0,G-W-A,85401,0.082,0.044,0.004,0.237
17.0,GC-D,85401,0.081,0.024,0.002,0.240
17.0,GPR,85401,0.115,0.034,0.004,0.338
17.0,ORACLE,85401,0.093,0.035,0.003,0.272
17.0,SCP,85401,0.118,0.057,0.007,0.339
17.0,WCP,85401,0.105,0.042,0.004,0.307
