Scenario,SCP,ASTM-R,CV+,CQR,WCP,G-W-A
M-season,-0.36 (1.000),-0.36 (1.000),-0.43 (1.000),-0.64 (1.000),-0.50 (1.000),-0.36 (1.000)
M-forward,-0.47 (1.000),-0.47 (1.000),-0.60 (1.000),-1.00 (1.000),-0.87 (1.000),-0.47 (1.000)
M-instrument,-0.39 (1.000),-0.31 (1.000),-0.39 (1.000),-0.65 (0.065),-1.00 (<0.001),-0.27 (1.000)
M-population,-0.06 (0.211),-0.20 (<0.001),-0.09 (0.122),-0.04 (0.290),-0.79 (<0.001),-0.30 (<0.001)
S-region,-0.83 (0.001),-0.73 (0.005),-0.79 (0.002),+1.00 (<0.001),-0.91 (<0.001),-0.64 (0.016)
C-moist,+0.32 (1.000),+0.08 (1.000),+0.17 (1.000),+0.77 (0.003),-0.99 (<0.001),+0.03 (1.000)
C-oil,-0.23 (1.000),+0.10 (1.000),+0.29 (1.000),+0.66 (0.024),-0.99 (<0.001),+0.09 (1.000)
C-prot,-0.10 (1.000),+0.15 (1.000),+0.11 (1.000),+0.69 (0.013),-1.00 (<0.001),+0.08 (1.000)
C-starch,-0.20 (1.000),+0.15 (1.000),+0.15 (1.000),+0.82 (0.001),-1.00 (<0.001),+0.20 (1.000)
S-campaign,-0.92 (<0.001),-0.85 (<0.001),-0.87 (<0.001),+0.88 (<0.001),-1.00 (<0.001),-0.82 (<0.001)
S-KSSL→LUCAS,-1.00 (<0.001),-1.00 (<0.001),-1.00 (<0.001),-0.34 (0.204),-1.00 (<0.001),-1.00 (<0.001)
Tablets,-1.00 (1.000),-1.00 (1.000),-1.00 (1.000),-1.00 (1.000),-1.00 (1.000),-0.33 (1.000)
