Scenario,R-U-A,R-U-D,G-U-A,G-W-A,G-U-D,GC-D
M-season,0.826 / 6.43,0.838 / 6.13,0.875 / 6.19,0.899 / 6.16,0.867 / 5.94,0.895 / 5.90
M-forward,0.779 / 7.25,0.799 / 6.81,0.855 / 6.90,0.869 / 6.83,0.865 / 6.18,0.877 / 6.14
M-instrument,0.795 / 6.95,0.824 / 6.45,0.861 / 6.51,0.878 / 6.48,0.864 / 6.19,0.879 / 6.21
M-population,0.889 / 4.96,0.891 / 4.92,0.902 / 4.95,0.900 / 4.95,0.902 / 4.93,0.899 / 4.92
S-region,0.883 / 12.77,0.889 / 11.99,0.896 / 12.54,0.899 / 12.50,0.898 / 11.89,0.898 / 11.90
C-moist,0.603 / 5.07,0.619 / 4.64,0.608 / 5.01,0.608 / 5.01,0.527 / 4.73,0.527 / 4.73
C-oil,0.815 / 0.86,0.889 / 0.69,0.874 / 0.80,0.874 / 0.80,0.761 / 0.81,0.761 / 0.81
C-prot,0.645 / 2.22,0.788 / 1.85,0.690 / 2.15,0.690 / 2.15,0.709 / 2.14,0.709 / 2.14
C-starch,0.592 / 6.85,0.654 / 5.46,0.632 / 6.46,0.632 / 6.46,0.685 / 6.13,0.685 / 6.13
