task,method,coverage,coverage_min,width,interval_score,n_groups
corn_moisture,CQR,0.901,0.817,1.191,1.528,30
corn_moisture,GC-CQR,0.814,0.650,0.959,1.547,30
corn_moisture,GC-D,0.529,0.000,0.879,4.753,30
corn_moisture,GC-D2,0.538,0.000,0.851,4.951,30
corn_moisture,SCP,0.612,0.000,0.994,4.635,30
corn_oil,CQR,0.889,0.683,0.522,0.642,30
corn_oil,GC-CQR,0.877,0.667,0.463,0.581,30
corn_oil,GC-D,0.766,0.317,0.406,0.760,30
corn_oil,GC-D2,0.752,0.317,0.396,0.774,30
corn_oil,SCP,0.810,0.350,0.455,0.855,30
corn_protein,CQR,0.927,0.767,1.310,1.514,30
corn_protein,GC-CQR,0.898,0.633,1.137,1.414,30
corn_protein,GC-D,0.710,0.083,1.098,2.119,30
corn_protein,GC-D2,0.673,0.117,0.967,2.257,30
corn_protein,SCP,0.664,0.000,0.970,2.606,30
corn_starch,CQR,0.836,0.417,2.263,3.395,30
corn_starch,GC-CQR,0.827,0.500,2.031,3.283,30
corn_starch,GC-D,0.691,0.000,2.757,6.116,30
corn_starch,GC-D2,0.677,0.000,2.559,6.017,30
corn_starch,SCP,0.600,0.000,1.983,7.345,30
mango_instrument,CQR,0.770,0.363,3.621,7.030,24
mango_instrument,GC-CQR,0.900,0.459,4.946,6.360,24
mango_instrument,GC-D,0.879,0.356,4.542,6.211,24
mango_instrument,GC-D2,0.879,0.312,4.568,6.302,24
mango_instrument,SCP,0.793,0.239,3.647,6.951,24
mango_population,CQR,0.840,0.042,3.362,5.236,199
mango_population,GC-CQR,0.903,0.108,3.879,4.980,199
mango_population,GC-D,0.899,0.013,3.686,4.932,199
mango_population,GC-D2,0.898,0.013,3.665,4.915,199
mango_population,SCP,0.886,0.013,3.538,4.971,199
mango_season_forward,CQR,0.727,0.642,3.470,7.474,5
mango_season_forward,GC-CQR,0.858,0.790,4.560,6.366,5
mango_season_forward,GC-D,0.877,0.772,4.526,6.143,5
mango_season_forward,GC-D2,0.879,0.765,4.532,6.136,5
mango_season_forward,SCP,0.780,0.687,3.458,7.241,5
mango_season_loso,CQR,0.788,0.673,3.532,6.405,7
mango_season_loso,GC-CQR,0.901,0.803,4.665,5.877,7
mango_season_loso,GC-D,0.895,0.798,4.519,5.900,7
mango_season_loso,GC-D2,0.892,0.765,4.509,5.974,7
mango_season_loso,SCP,0.825,0.722,3.632,6.447,7
ossl_lucas_block,CQR,0.886,0.814,5.520,8.038,30
ossl_lucas_block,GC-CQR,0.902,0.834,5.612,7.767,30
ossl_lucas_block,GC-D,0.898,0.786,7.142,11.900,30
ossl_lucas_block,GC-D2,0.898,0.789,10.430,13.529,30
ossl_lucas_block,SCP,0.884,0.760,6.110,12.777,30
