task,method,pooled_coverage,ci_lo,ci_hi,n_spectra,n_units
mango_season_loso,ASTM-R,0.870,0.864,0.876,85401,10560
mango_season_loso,BAG,0.869,0.863,0.875,85401,10560
mango_season_loso,CQR,0.828,0.822,0.835,85401,10560
mango_season_loso,CV+,0.863,0.857,0.869,85401,10560
mango_season_loso,G-W-A,0.926,0.921,0.931,85401,10560
mango_season_loso,GC-D,0.927,0.923,0.932,85401,10560
mango_season_loso,GPR,0.853,0.847,0.860,85401,10560
mango_season_loso,ORACLE,0.899,0.894,0.904,85401,10560
mango_season_loso,SCP,0.859,0.853,0.865,85401,10560
mango_season_loso,WCP,0.878,0.872,0.884,85401,10560
mango_instrument,ASTM-R,0.836,0.830,0.842,82383,10508
mango_instrument,BAG,0.838,0.832,0.844,82383,10508
mango_instrument,CQR,0.796,0.789,0.803,82383,10508
mango_instrument,CV+,0.828,0.822,0.834,82383,10508
mango_instrument,G-W-A,0.906,0.902,0.911,82383,10508
mango_instrument,GC-D,0.911,0.906,0.915,82383,10508
mango_instrument,GPR,0.785,0.779,0.791,82383,10508
mango_instrument,ORACLE,0.900,0.894,0.905,82383,10508
mango_instrument,SCP,0.827,0.821,0.834,82383,10508
mango_instrument,WCP,0.919,0.914,0.924,82383,10508
mango_population,ASTM-R,0.892,0.886,0.898,85401,10560
mango_population,BAG,0.892,0.886,0.898,85401,10560
mango_population,CQR,0.855,0.848,0.861,85401,10560
mango_population,CV+,0.886,0.880,0.892,85401,10560
mango_population,G-W-A,0.898,0.893,0.904,85401,10560
mango_population,GC-D,0.896,0.891,0.902,85401,10560
mango_population,GPR,0.875,0.869,0.882,85401,10560
mango_population,ORACLE,0.897,0.892,0.901,85401,10560
mango_population,SCP,0.882,0.876,0.888,85401,10560
mango_population,WCP,0.908,0.902,0.914,85401,10560
ossl_lucas_block,ASTM-R,0.894,0.891,0.897,40175,40175
ossl_lucas_block,BAG,0.894,0.891,0.897,40175,40175
ossl_lucas_block,CQR,0.886,0.883,0.889,40175,40175
ossl_lucas_block,CV+,0.888,0.885,0.891,40175,40175
ossl_lucas_block,G-W-A,0.902,0.900,0.905,40175,40175
ossl_lucas_block,GC-D,0.898,0.895,0.901,40175,40175
ossl_lucas_block,GPR,0.888,0.885,0.891,40175,40175
ossl_lucas_block,ORACLE,0.901,0.898,0.904,40175,40175
ossl_lucas_block,SCP,0.886,0.883,0.889,40175,40175
ossl_lucas_block,WCP,0.883,0.880,0.886,40175,40175
mango_season_forward,ASTM-R,0.828,0.821,0.835,54891,7711
mango_season_forward,BAG,0.832,0.825,0.838,54891,7711
mango_season_forward,CQR,0.769,0.760,0.779,54891,7711
mango_season_forward,CV+,0.820,0.813,0.827,54891,7711
mango_season_forward,G-W-A,0.903,0.897,0.908,54891,7711
mango_season_forward,GC-D,0.920,0.914,0.925,54891,7711
mango_season_forward,GPR,0.799,0.791,0.807,54891,7711
mango_season_forward,ORACLE,0.900,0.895,0.905,54891,7711
mango_season_forward,SCP,0.822,0.815,0.829,54891,7711
mango_season_forward,WCP,0.911,0.904,0.916,54891,7711
